D,P,C,O,F,G,S,OTU_ID,SpeciesID,occ,Absences
Bacteria,Abditibacteriota,Abditibacteria,Abditibacteriales,Abditibacteriaceae,Abditibacterium,NA,Otu6239,B0001,33,259
Bacteria,Acidobacteriota,Acidobacteriae,AKIW659,AKIW659,AKIW659,NA,Otu14415,B0002,6,286
Bacteria,Acidobacteriota,Acidobacteriae,Acidobacteriae,Acidobacteriae,Acidobacteriae,NA,Otu34514,B0003,66,226
Bacteria,Acidobacteriota,Acidobacteriae,Acidobacteriae,Acidobacteriae,Paludibaculum,NA,Otu10425,B0004,4,288
Bacteria,Acidobacteriota,Acidobacteriae,Acidobacteriales,Koribacteraceae,Candidatus_Koribacter,NA,Otu3153,B0005,240,1000
Bacteria,Acidobacteriota,Acidobacteriae,Bryobacterales,Bryobacteraceae,Bryobacter,NA,Otu86,B0006,289,1000
Bacteria,Acidobacteriota,Acidobacteriae,PAUC26f,PAUC26f,PAUC26f,NA,Otu13379,B0007,5,287
Bacteria,Acidobacteriota,Acidobacteriae,Solibacterales,Solibacteraceae,Candidatus_Solibacter,NA,Otu169,B0008,291,1000
Bacteria,Acidobacteriota,Acidobacteriae,Subgroup_12,Subgroup_12,Subgroup_12,NA,Otu8480,B0009,12,280
Bacteria,Acidobacteriota,Acidobacteriae,Subgroup_13,Subgroup_13,Subgroup_13,NA,Otu3466,B0010,53,239
Bacteria,Acidobacteriota,Acidobacteriae,Subgroup_15,Subgroup_15,Subgroup_15,NA,Otu33767,B0011,3,289
Bacteria,Acidobacteriota,Acidobacteriae,Subgroup_2,Subgroup_2,Subgroup_2,NA,Otu4,B0012,269,1000
Bacteria,Acidobacteriota,Blastocatellia,Blastocatellales,Blastocatellaceae,JGI_0001001,NA,Otu23501,B0013,1,291
Bacteria,Acidobacteriota,Blastocatellia,Blastocatellales,Blastocatellaceae,Stenotrophobacter,NA,Otu20495,B0014,3,289
Bacteria,Acidobacteriota,Blastocatellia,Pyrinomonadales,Pyrinomonadaceae,RB41,NA,Otu2238,B0015,64,228
Bacteria,Acidobacteriota,Holophagae,Holophagales,Holophagaceae,Geothrix,NA,Otu24214,B0016,0,292
Bacteria,Acidobacteriota,Holophagae,Holophagales,Holophagaceae,Holophaga,NA,Otu4821,B0017,57,235
Bacteria,Acidobacteriota,Holophagae,Subgroup_7,Subgroup_7,Subgroup_7,NA,Otu2622,B0018,110,182
Bacteria,Acidobacteriota,Subgroup_11,Subgroup_11,Subgroup_11,Subgroup_11,NA,Otu7265,B0019,21,271
Bacteria,Acidobacteriota,Subgroup_22,Subgroup_22,Subgroup_22,Subgroup_22,NA,Otu11919,B0020,52,240
Bacteria,Acidobacteriota,Subgroup_25,Subgroup_25,Subgroup_25,Subgroup_25,NA,Otu29718,B0021,1,291
Bacteria,Acidobacteriota,Subgroup_5,Subgroup_5,Subgroup_5,Subgroup_5,NA,Otu995,B0022,205,1000
Bacteria,Acidobacteriota,Thermoanaerobaculia,Thermoanaerobaculales,Thermoanaerobaculaceae,Subgroup_10,NA,Otu706,B0023,224,1000
Bacteria,Acidobacteriota,Vicinamibacteria,Subgroup_17,Subgroup_17,Subgroup_17,NA,Otu14360,B0024,13,279
Bacteria,Acidobacteriota,Vicinamibacteria,Vicinamibacterales,Vicinamibacteraceae,Vicinamibacteraceae,NA,Otu8707,B0025,40,252
Bacteria,Actinobacteriota,Acidimicrobiia,IMCC26256,IMCC26256,IMCC26256,NA,Otu239,B0026,291,1000
Bacteria,Actinobacteriota,Acidimicrobiia,Microtrichales,Iamiaceae,Iamia,NA,Otu2546,B0027,153,1000
Bacteria,Actinobacteriota,Acidimicrobiia,Microtrichales,Ilumatobacteraceae,CL500,NA,Otu2557,B0028,160,1000
Bacteria,Actinobacteriota,Acidimicrobiia,Microtrichales,Ilumatobacteraceae,Ilumatobacter,NA,Otu947,B0029,76,216
Bacteria,Actinobacteriota,Acidimicrobiia,Microtrichales,Microtrichaceae,IMCC26207,NA,Otu5241,B0030,25,267
Bacteria,Actinobacteriota,Acidimicrobiia,Microtrichales,Microtrichales,Microtrichales,NA,Otu4986,B0031,15,277
Bacteria,Actinobacteriota,Actinobacteria,Actinobacteria,Actinobacteria,Actinobacteria,NA,Otu12459,B0032,5,287
Bacteria,Actinobacteriota,Actinobacteria,Catenulisporales,Actinospicaceae,Actinospica,NA,Otu118,B0033,263,1000
Bacteria,Actinobacteriota,Actinobacteria,Catenulisporales,Catenulisporaceae,Catenulispora,NA,Otu67,B0034,251,1000
Bacteria,Actinobacteriota,Actinobacteria,Corynebacteriales,Corynebacteriaceae,Corynebacterium,NA,Otu15181,B0035,10,282
Bacteria,Actinobacteriota,Actinobacteria,Corynebacteriales,Corynebacteriaceae,Lawsonella,NA,Otu9184,B0036,1,291
Bacteria,Actinobacteriota,Actinobacteria,Corynebacteriales,Dietziaceae,Dietzia,NA,Otu9701,B0037,4,288
Bacteria,Actinobacteriota,Actinobacteria,Corynebacteriales,Mycobacteriaceae,Mycobacterium,NA,Otu2,B0038,292,1000
Bacteria,Actinobacteriota,Actinobacteria,Corynebacteriales,Nocardiaceae,Gordonia,NA,Otu34185,B0039,2,290
Bacteria,Actinobacteriota,Actinobacteria,Corynebacteriales,Nocardiaceae,Nocardia,NA,Otu475,B0040,185,1000
Bacteria,Actinobacteriota,Actinobacteria,Corynebacteriales,Nocardiaceae,Rhodococcus,NA,Otu3315,B0041,109,183
Bacteria,Actinobacteriota,Actinobacteria,Corynebacteriales,Nocardiaceae,Smaragdicoccus,NA,Otu5087,B0042,75,217
Bacteria,Actinobacteriota,Actinobacteria,Corynebacteriales,Nocardiaceae,Williamsia,NA,Otu30156,B0043,2,290
Bacteria,Actinobacteriota,Actinobacteria,Corynebacteriales,Tsukamurellaceae,Tsukamurella,NA,Otu15642,B0044,1,291
Bacteria,Actinobacteriota,Actinobacteria,Euzebyales,Euzebyaceae,Euzebya,NA,Otu24645,B0045,8,284
Bacteria,Actinobacteriota,Actinobacteria,FFCH16263,FFCH16263,FFCH16263,NA,Otu13030,B0046,16,276
Bacteria,Actinobacteriota,Actinobacteria,Frankiales,Acidothermaceae,Acidothermus,NA,Otu1,B0047,291,1000
Bacteria,Actinobacteriota,Actinobacteria,Frankiales,Cryptosporangiaceae,Cryptosporangium,NA,Otu1896,B0048,35,257
Bacteria,Actinobacteriota,Actinobacteria,Frankiales,Cryptosporangiaceae,Fodinicola,NA,Otu12042,B0049,12,280
Bacteria,Actinobacteriota,Actinobacteria,Frankiales,Frankiaceae,Frankia,NA,Otu9088,B0050,58,234
Bacteria,Actinobacteriota,Actinobacteria,Frankiales,Frankiaceae,Jatrophihabitans,NA,Otu121,B0051,288,1000
Bacteria,Actinobacteriota,Actinobacteria,Frankiales,Frankiales,Frankiales,NA,Otu2888,B0052,57,235
Bacteria,Actinobacteriota,Actinobacteria,Frankiales,Geodermatophilaceae,Antricoccus,NA,Otu21432,B0053,5,287
Bacteria,Actinobacteriota,Actinobacteria,Frankiales,Geodermatophilaceae,Blastococcus,NA,Otu83,B0054,245,1000
Bacteria,Actinobacteriota,Actinobacteria,Frankiales,Geodermatophilaceae,Geodermatophilus,NA,Otu57,B0055,270,1000
Bacteria,Actinobacteriota,Actinobacteria,Frankiales,Geodermatophilaceae,Klenkia,NA,Otu13377,B0056,6,286
Bacteria,Actinobacteriota,Actinobacteria,Frankiales,Geodermatophilaceae,Modestobacter,NA,Otu139,B0057,177,1000
Bacteria,Actinobacteriota,Actinobacteria,Frankiales,Nakamurellaceae,Nakamurella,NA,Otu202,B0058,220,1000
Bacteria,Actinobacteriota,Actinobacteria,Frankiales,Sporichthyaceae,Longivirga,NA,Otu14324,B0059,9,283
Bacteria,Actinobacteriota,Actinobacteria,Frankiales,Sporichthyaceae,Sporichthya,NA,Otu2494,B0060,62,230
Bacteria,Actinobacteriota,Actinobacteria,Frankiales,Sporichthyaceae,Sporichthyaceae,NA,Otu24857,B0061,1,291
Bacteria,Actinobacteriota,Actinobacteria,Frankiales,Sporichthyaceae,hgcI_clade,NA,Otu16349,B0062,1,291
Bacteria,Actinobacteriota,Actinobacteria,Glycomycetales,Glycomycetaceae,Glycomyces,NA,Otu2925,B0063,20,272
Bacteria,Actinobacteriota,Actinobacteria,Kineosporiales,Kineosporiaceae,Angustibacter,NA,Otu896,B0064,106,186
Bacteria,Actinobacteriota,Actinobacteria,Kineosporiales,Kineosporiaceae,Kineococcus,NA,Otu6923,B0065,50,242
Bacteria,Actinobacteriota,Actinobacteria,Kineosporiales,Kineosporiaceae,Kineosporia,NA,Otu395,B0066,204,1000
Bacteria,Actinobacteriota,Actinobacteria,Kineosporiales,Kineosporiaceae,Pseudokineococcus,NA,Otu19413,B0067,3,289
Bacteria,Actinobacteriota,Actinobacteria,Kineosporiales,Kineosporiaceae,Quadrisphaera,NA,Otu666,B0068,102,190
Bacteria,Actinobacteriota,Actinobacteria,Micrococcales,Beutenbergiaceae,Salana,NA,Otu7169,B0069,5,287
Bacteria,Actinobacteriota,Actinobacteria,Micrococcales,Bogoriellaceae,Georgenia,NA,Otu2775,B0070,41,251
Bacteria,Actinobacteriota,Actinobacteria,Micrococcales,Brevibacteriaceae,Brevibacterium,NA,Otu32347,B0071,4,288
Bacteria,Actinobacteriota,Actinobacteria,Micrococcales,Cellulomonadaceae,Actinotalea,NA,Otu25448,B0072,1,291
Bacteria,Actinobacteriota,Actinobacteria,Micrococcales,Cellulomonadaceae,Cellulomonas,NA,Otu341,B0073,156,1000
Bacteria,Actinobacteriota,Actinobacteria,Micrococcales,Cellulomonadaceae,Oerskovia,NA,Otu6760,B0074,1,291
Bacteria,Actinobacteriota,Actinobacteria,Micrococcales,Cellulomonadaceae,Pseudactinotalea,NA,Otu24530,B0075,2,290
Bacteria,Actinobacteriota,Actinobacteria,Micrococcales,Demequinaceae,Demequina,NA,Otu4975,B0076,9,283
Bacteria,Actinobacteriota,Actinobacteria,Micrococcales,Dermacoccaceae,Flexivirga,NA,Otu16858,B0077,9,283
Bacteria,Actinobacteriota,Actinobacteria,Micrococcales,Dermacoccaceae,Luteipulveratus,NA,Otu18600,B0078,2,290
Bacteria,Actinobacteriota,Actinobacteria,Micrococcales,Intrasporangiaceae,Humibacillus,NA,Otu1026,B0079,88,204
Bacteria,Actinobacteriota,Actinobacteria,Micrococcales,Intrasporangiaceae,Intrasporangium,NA,Otu3514,B0080,19,273
Bacteria,Actinobacteriota,Actinobacteria,Micrococcales,Intrasporangiaceae,Lapillicoccus,NA,Otu333,B0081,179,1000
Bacteria,Actinobacteriota,Actinobacteria,Micrococcales,Intrasporangiaceae,Oryzihumus,NA,Otu267,B0082,152,1000
Bacteria,Actinobacteriota,Actinobacteria,Micrococcales,Intrasporangiaceae,Phycicoccus,NA,Otu486,B0083,111,181
Bacteria,Actinobacteriota,Actinobacteria,Micrococcales,Intrasporangiaceae,Terrabacter,NA,Otu42,B0084,189,1000
Bacteria,Actinobacteriota,Actinobacteria,Micrococcales,Intrasporangiaceae,Tetrasphaera,NA,Otu32745,B0085,3,289
Bacteria,Actinobacteriota,Actinobacteria,Micrococcales,Microbacteriaceae,Agrococcus,NA,Otu11488,B0086,7,285
Bacteria,Actinobacteriota,Actinobacteria,Micrococcales,Microbacteriaceae,Agromyces,NA,Otu4361,B0087,103,189
Bacteria,Actinobacteriota,Actinobacteria,Micrococcales,Microbacteriaceae,Amnibacterium,NA,Otu782,B0088,178,1000
Bacteria,Actinobacteriota,Actinobacteria,Micrococcales,Microbacteriaceae,Conyzicola,NA,Otu19552,B0089,3,289
Bacteria,Actinobacteriota,Actinobacteria,Micrococcales,Microbacteriaceae,Cryobacterium,NA,Otu23207,B0090,1,291
Bacteria,Actinobacteriota,Actinobacteria,Micrococcales,Microbacteriaceae,Cryocola,NA,Otu2147,B0091,51,241
Bacteria,Actinobacteriota,Actinobacteria,Micrococcales,Microbacteriaceae,Curtobacterium,NA,Otu2276,B0092,44,248
Bacteria,Actinobacteriota,Actinobacteria,Micrococcales,Microbacteriaceae,Frigoribacterium,NA,Otu31361,B0093,8,284
Bacteria,Actinobacteriota,Actinobacteria,Micrococcales,Microbacteriaceae,Frondihabitans,NA,Otu6093,B0094,4,288
Bacteria,Actinobacteriota,Actinobacteria,Micrococcales,Microbacteriaceae,Galbitalea,NA,Otu2379,B0095,43,249
Bacteria,Actinobacteriota,Actinobacteria,Micrococcales,Microbacteriaceae,Gryllotalpicola,NA,Otu1158,B0096,53,239
Bacteria,Actinobacteriota,Actinobacteria,Micrococcales,Microbacteriaceae,Herbiconiux,NA,Otu16996,B0097,2,290
Bacteria,Actinobacteriota,Actinobacteria,Micrococcales,Microbacteriaceae,Leifsonia,NA,Otu461,B0098,226,1000
Bacteria,Actinobacteriota,Actinobacteria,Micrococcales,Microbacteriaceae,Leucobacter,NA,Otu14243,B0099,15,277
Bacteria,Actinobacteriota,Actinobacteria,Micrococcales,Microbacteriaceae,Lysinimonas,NA,Otu4976,B0100,9,283
Bacteria,Actinobacteriota,Actinobacteria,Micrococcales,Microbacteriaceae,Marisediminicola,NA,Otu7798,B0101,0,292
Bacteria,Actinobacteriota,Actinobacteria,Micrococcales,Microbacteriaceae,Microbacteriaceae,NA,Otu11543,B0102,3,289
Bacteria,Actinobacteriota,Actinobacteria,Micrococcales,Microbacteriaceae,Microbacterium,NA,Otu870,B0103,93,199
Bacteria,Actinobacteriota,Actinobacteria,Micrococcales,Microbacteriaceae,Mycetocola,NA,Otu9884,B0104,4,288
Bacteria,Actinobacteriota,Actinobacteria,Micrococcales,Microbacteriaceae,Naasia,NA,Otu1838,B0105,64,228
Bacteria,Actinobacteriota,Actinobacteria,Micrococcales,Microbacteriaceae,Parafrigoribacterium,NA,Otu25740,B0106,4,288
Bacteria,Actinobacteriota,Actinobacteria,Micrococcales,Microbacteriaceae,Plantibacter,NA,Otu27352,B0107,2,290
Bacteria,Actinobacteriota,Actinobacteria,Micrococcales,Microbacteriaceae,Pseudoclavibacter,NA,Otu14475,B0108,5,287
Bacteria,Actinobacteriota,Actinobacteria,Micrococcales,Microbacteriaceae,Rathayibacter,NA,Otu21192,B0109,1,291
Bacteria,Actinobacteriota,Actinobacteria,Micrococcales,Microbacteriaceae,Schumannella,NA,Otu12647,B0110,1,291
Bacteria,Actinobacteriota,Actinobacteria,Micrococcales,Microbacteriaceae,Subtercola,NA,Otu35050,B0111,1,291
Bacteria,Actinobacteriota,Actinobacteria,Micrococcales,Microbacteriaceae,Yonghaparkia,NA,Otu27410,B0112,4,288
Bacteria,Actinobacteriota,Actinobacteria,Micrococcales,Micrococcaceae,Arthrobacter,NA,Otu101,B0113,229,1000
Bacteria,Actinobacteriota,Actinobacteria,Micrococcales,Micrococcaceae,Citricoccus,NA,Otu14879,B0114,7,285
Bacteria,Actinobacteriota,Actinobacteria,Micrococcales,Micrococcaceae,Glutamicibacter,NA,Otu13166,B0115,3,289
Bacteria,Actinobacteriota,Actinobacteria,Micrococcales,Micrococcaceae,Kocuria,NA,Otu31249,B0116,6,286
Bacteria,Actinobacteriota,Actinobacteria,Micrococcales,Micrococcaceae,Paenarthrobacter,NA,Otu2665,B0117,7,285
Bacteria,Actinobacteriota,Actinobacteria,Micrococcales,Micrococcaceae,Paeniglutamicibacter,NA,Otu14025,B0118,19,273
Bacteria,Actinobacteriota,Actinobacteria,Micrococcales,Micrococcaceae,Pseudarthrobacter,NA,Otu291,B0119,153,1000
Bacteria,Actinobacteriota,Actinobacteria,Micrococcales,Micrococcaceae,Sinomonas,NA,Otu2054,B0120,37,255
Bacteria,Actinobacteriota,Actinobacteria,Micrococcales,Micrococcales,Micrococcales,NA,Otu14760,B0121,1,291
Bacteria,Actinobacteriota,Actinobacteria,Micrococcales,Micrococcales_Incertae_Sedis,Luteimicrobium,NA,Otu4667,B0122,8,284
Bacteria,Actinobacteriota,Actinobacteria,Micrococcales,Promicromonosporaceae,Cellulosimicrobium,NA,Otu3377,B0123,18,274
Bacteria,Actinobacteriota,Actinobacteria,Micrococcales,Promicromonosporaceae,Isoptericola,NA,Otu5620,B0124,23,269
Bacteria,Actinobacteriota,Actinobacteria,Micrococcales,Promicromonosporaceae,Promicromonospora,NA,Otu6404,B0125,34,258
Bacteria,Actinobacteriota,Actinobacteria,Micrococcales,Sanguibacteraceae,Sanguibacter,NA,Otu6758,B0126,5,287
Bacteria,Actinobacteriota,Actinobacteria,Micromonosporales,Micromonosporaceae,Actinocatenispora,NA,Otu12773,B0127,17,275
Bacteria,Actinobacteriota,Actinobacteria,Micromonosporales,Micromonosporaceae,Actinoplanes,NA,Otu164,B0128,256,1000
Bacteria,Actinobacteriota,Actinobacteria,Micromonosporales,Micromonosporaceae,Allocatelliglobosispora,NA,Otu11241,B0129,2,290
Bacteria,Actinobacteriota,Actinobacteria,Micromonosporales,Micromonosporaceae,Asanoa,NA,Otu4639,B0130,73,219
Bacteria,Actinobacteriota,Actinobacteria,Micromonosporales,Micromonosporaceae,Catellatospora,NA,Otu6484,B0131,26,266
Bacteria,Actinobacteriota,Actinobacteria,Micromonosporales,Micromonosporaceae,Catenuloplanes,NA,Otu21580,B0132,1,291
Bacteria,Actinobacteriota,Actinobacteria,Micromonosporales,Micromonosporaceae,Dactylosporangium,NA,Otu1101,B0133,82,210
Bacteria,Actinobacteriota,Actinobacteria,Micromonosporales,Micromonosporaceae,Hamadaea,NA,Otu2061,B0134,35,257
Bacteria,Actinobacteriota,Actinobacteria,Micromonosporales,Micromonosporaceae,Krasilnikovia,NA,Otu10153,B0135,4,288
Bacteria,Actinobacteriota,Actinobacteria,Micromonosporales,Micromonosporaceae,Longispora,NA,Otu3455,B0136,43,249
Bacteria,Actinobacteriota,Actinobacteria,Micromonosporales,Micromonosporaceae,Luedemannella,NA,Otu1088,B0137,139,153
Bacteria,Actinobacteriota,Actinobacteria,Micromonosporales,Micromonosporaceae,Micromonospora,NA,Otu501,B0138,182,1000
Bacteria,Actinobacteriota,Actinobacteria,Micromonosporales,Micromonosporaceae,Micromonosporaceae,NA,Otu13147,B0139,4,288
Bacteria,Actinobacteriota,Actinobacteria,Micromonosporales,Micromonosporaceae,Phytohabitans,NA,Otu6107,B0140,3,289
Bacteria,Actinobacteriota,Actinobacteria,Micromonosporales,Micromonosporaceae,Phytomonospora,NA,Otu14104,B0141,3,289
Bacteria,Actinobacteriota,Actinobacteria,Micromonosporales,Micromonosporaceae,Planosporangium,NA,Otu5436,B0142,15,277
Bacteria,Actinobacteriota,Actinobacteria,Micromonosporales,Micromonosporaceae,Plantactinospora,NA,Otu9775,B0143,6,286
Bacteria,Actinobacteriota,Actinobacteria,Micromonosporales,Micromonosporaceae,Rhizocola,NA,Otu4583,B0144,2,290
Bacteria,Actinobacteriota,Actinobacteria,Micromonosporales,Micromonosporaceae,Salinispora,NA,Otu7392,B0145,21,271
Bacteria,Actinobacteriota,Actinobacteria,Micromonosporales,Micromonosporaceae,Verrucosispora,NA,Otu8927,B0146,0,292
Bacteria,Actinobacteriota,Actinobacteria,Nitriliruptorales,Nitriliruptoraceae,Nitriliruptoraceae,NA,Otu35317,B0147,45,247
Bacteria,Actinobacteriota,Actinobacteria,PeM15,PeM15,PeM15,NA,Otu11247,B0148,21,271
Bacteria,Actinobacteriota,Actinobacteria,Propionibacteriales,Nocardioidaceae,Actinopolymorpha,NA,Otu7569,B0149,43,249
Bacteria,Actinobacteriota,Actinobacteria,Propionibacteriales,Nocardioidaceae,Aeromicrobium,NA,Otu1770,B0150,56,236
Bacteria,Actinobacteriota,Actinobacteria,Propionibacteriales,Nocardioidaceae,Kribbella,NA,Otu469,B0151,170,1000
Bacteria,Actinobacteriota,Actinobacteria,Propionibacteriales,Nocardioidaceae,Marmoricola,NA,Otu394,B0152,230,1000
Bacteria,Actinobacteriota,Actinobacteria,Propionibacteriales,Nocardioidaceae,Nocardioidaceae,NA,Otu32778,B0153,6,286
Bacteria,Actinobacteriota,Actinobacteria,Propionibacteriales,Nocardioidaceae,Nocardioides,NA,Otu231,B0154,284,1000
Bacteria,Actinobacteriota,Actinobacteria,Propionibacteriales,Propionibacteriaceae,Aestuariimicrobium,NA,Otu33616,B0155,0,292
Bacteria,Actinobacteriota,Actinobacteria,Propionibacteriales,Propionibacteriaceae,Cutibacterium,NA,Otu8644,B0156,16,276
Bacteria,Actinobacteriota,Actinobacteria,Propionibacteriales,Propionibacteriaceae,Friedmanniella,NA,Otu1597,B0157,78,214
Bacteria,Actinobacteriota,Actinobacteria,Propionibacteriales,Propionibacteriaceae,Haloactinopolyspora,NA,Otu25679,B0158,3,289
Bacteria,Actinobacteriota,Actinobacteria,Propionibacteriales,Propionibacteriaceae,Marinilutecoccus,NA,Otu34641,B0159,6,286
Bacteria,Actinobacteriota,Actinobacteria,Propionibacteriales,Propionibacteriaceae,Microlunatus,NA,Otu1276,B0160,132,160
Bacteria,Actinobacteriota,Actinobacteria,Propionibacteriales,Propionibacteriaceae,Micropruina,NA,Otu17418,B0161,27,265
Bacteria,Actinobacteriota,Actinobacteria,Pseudonocardiales,Pseudonocardiaceae,Actinoalloteichus,NA,Otu31972,B0162,5,287
Bacteria,Actinobacteriota,Actinobacteria,Pseudonocardiales,Pseudonocardiaceae,Actinomycetospora,NA,Otu40,B0163,264,1000
Bacteria,Actinobacteriota,Actinobacteria,Pseudonocardiales,Pseudonocardiaceae,Actinophytocola,NA,Otu667,B0164,174,1000
Bacteria,Actinobacteriota,Actinobacteria,Pseudonocardiales,Pseudonocardiaceae,Allokutzneria,NA,Otu14547,B0165,8,284
Bacteria,Actinobacteriota,Actinobacteria,Pseudonocardiales,Pseudonocardiaceae,Amycolatopsis,NA,Otu45,B0166,251,1000
Bacteria,Actinobacteriota,Actinobacteria,Pseudonocardiales,Pseudonocardiaceae,Crossiella,NA,Otu8,B0167,271,1000
Bacteria,Actinobacteriota,Actinobacteria,Pseudonocardiales,Pseudonocardiaceae,Goodfellowiella,NA,Otu7001,B0168,2,290
Bacteria,Actinobacteriota,Actinobacteria,Pseudonocardiales,Pseudonocardiaceae,Kibdelosporangium,NA,Otu2231,B0169,79,213
Bacteria,Actinobacteriota,Actinobacteria,Pseudonocardiales,Pseudonocardiaceae,Kutzneria,NA,Otu218,B0170,142,150
Bacteria,Actinobacteriota,Actinobacteria,Pseudonocardiales,Pseudonocardiaceae,Lechevalieria,NA,Otu1079,B0171,103,189
Bacteria,Actinobacteriota,Actinobacteria,Pseudonocardiales,Pseudonocardiaceae,Longimycelium,NA,Otu96,B0172,230,1000
Bacteria,Actinobacteriota,Actinobacteria,Pseudonocardiales,Pseudonocardiaceae,Prauserella,NA,Otu201,B0173,53,239
Bacteria,Actinobacteriota,Actinobacteria,Pseudonocardiales,Pseudonocardiaceae,Pseudonocardia,NA,Otu350,B0174,287,1000
Bacteria,Actinobacteriota,Actinobacteria,Pseudonocardiales,Pseudonocardiaceae,Pseudonocardiaceae,NA,Otu1981,B0175,11,281
Bacteria,Actinobacteriota,Actinobacteria,Pseudonocardiales,Pseudonocardiaceae,Saccharomonospora,NA,Otu2797,B0176,25,267
Bacteria,Actinobacteriota,Actinobacteria,Pseudonocardiales,Pseudonocardiaceae,Saccharopolyspora,NA,Otu1434,B0177,57,235
Bacteria,Actinobacteriota,Actinobacteria,Pseudonocardiales,Pseudonocardiaceae,Saccharothrix,NA,Otu2838,B0178,22,270
Bacteria,Actinobacteriota,Actinobacteria,Pseudonocardiales,Pseudonocardiaceae,Umezawaea,NA,Otu1813,B0179,68,224
Bacteria,Actinobacteriota,Actinobacteria,Streptomycetales,Streptomycetaceae,E1B,NA,Otu21202,B0180,16,276
Bacteria,Actinobacteriota,Actinobacteria,Streptomycetales,Streptomycetaceae,Kitasatospora,NA,Otu730,B0181,147,1000
Bacteria,Actinobacteriota,Actinobacteria,Streptomycetales,Streptomycetaceae,Streptacidiphilus,NA,Otu774,B0182,152,1000
Bacteria,Actinobacteriota,Actinobacteria,Streptomycetales,Streptomycetaceae,Streptomyces,NA,Otu81,B0183,289,1000
Bacteria,Actinobacteriota,Actinobacteria,Streptomycetales,Streptomycetaceae,Streptomycetaceae,NA,Otu18187,B0184,1,291
Bacteria,Actinobacteriota,Actinobacteria,Streptosporangiales,Nocardiopsaceae,Nocardiopsis,NA,Otu4138,B0185,65,227
Bacteria,Actinobacteriota,Actinobacteria,Streptosporangiales,Nocardiopsaceae,Thermobifida,NA,Otu1706,B0186,23,269
Bacteria,Actinobacteriota,Actinobacteria,Streptosporangiales,Streptosporangiaceae,Herbidospora,NA,Otu20251,B0187,12,280
Bacteria,Actinobacteriota,Actinobacteria,Streptosporangiales,Streptosporangiaceae,Microbispora,NA,Otu763,B0188,100,192
Bacteria,Actinobacteriota,Actinobacteria,Streptosporangiales,Streptosporangiaceae,Microtetraspora,NA,Otu35247,B0189,2,290
Bacteria,Actinobacteriota,Actinobacteria,Streptosporangiales,Streptosporangiaceae,Nonomuraea,NA,Otu2094,B0190,131,161
Bacteria,Actinobacteriota,Actinobacteria,Streptosporangiales,Streptosporangiaceae,Planotetraspora,NA,Otu23239,B0191,5,287
Bacteria,Actinobacteriota,Actinobacteria,Streptosporangiales,Streptosporangiaceae,Sphaerimonospora,NA,Otu14390,B0192,5,287
Bacteria,Actinobacteriota,Actinobacteria,Streptosporangiales,Streptosporangiaceae,Sphaerisporangium,NA,Otu3711,B0193,132,160
Bacteria,Actinobacteriota,Actinobacteria,Streptosporangiales,Streptosporangiaceae,Streptosporangium,NA,Otu611,B0194,138,154
Bacteria,Actinobacteriota,Actinobacteria,Streptosporangiales,Streptosporangiaceae,Thermopolyspora,NA,Otu9816,B0195,25,267
Bacteria,Actinobacteriota,Actinobacteria,Streptosporangiales,Streptosporangiales_Incertae_Sedis,Motilibacter,NA,Otu364,B0196,126,166
Bacteria,Actinobacteriota,Actinobacteria,Streptosporangiales,Thermomonosporaceae,Actinoallomurus,NA,Otu105,B0197,274,1000
Bacteria,Actinobacteriota,Actinobacteria,Streptosporangiales,Thermomonosporaceae,Actinocorallia,NA,Otu1315,B0198,130,162
Bacteria,Actinobacteriota,Actinobacteria,Streptosporangiales,Thermomonosporaceae,Actinomadura,NA,Otu886,B0199,196,1000
Bacteria,Actinobacteriota,Actinobacteria,Streptosporangiales,Thermomonosporaceae,Thermobispora,NA,Otu30941,B0200,2,290
Bacteria,Actinobacteriota,Actinobacteria,Streptosporangiales,Thermomonosporaceae,Thermomonospora,NA,Otu7524,B0201,8,284
Bacteria,Actinobacteriota,Actinobacteria,Streptosporangiales,Thermomonosporaceae,Thermostaphylospora,NA,Otu15266,B0202,4,288
Bacteria,Actinobacteriota,Coriobacteriia,OPB41,OPB41,OPB41,NA,Otu29597,B0203,11,281
Bacteria,Actinobacteriota,Rubrobacteria,Rubrobacterales,Rubrobacteriaceae,Rubrobacter,NA,Otu397,B0204,93,199
Bacteria,Actinobacteriota,Thermoleophilia,Gaiellales,Gaiellaceae,Gaiella,NA,Otu190,B0205,249,1000
Bacteria,Actinobacteriota,Thermoleophilia,Gaiellales,Gaiellales,Gaiellales,NA,Otu10419,B0206,7,285
Bacteria,Actinobacteriota,Thermoleophilia,Solirubrobacterales,Solirubrobacteraceae,Conexibacter,NA,Otu9,B0207,291,1000
Bacteria,Actinobacteriota,Thermoleophilia,Solirubrobacterales,Solirubrobacteraceae,JCM_18997,NA,Otu3191,B0208,20,272
Bacteria,Actinobacteriota,Thermoleophilia,Solirubrobacterales,Solirubrobacteraceae,Parviterribacter,NA,Otu4522,B0209,63,229
Bacteria,Actinobacteriota,Thermoleophilia,Solirubrobacterales,Solirubrobacteraceae,Solirubrobacter,NA,Otu56,B0210,253,1000
Bacteria,Armatimonadota,Armatimonadia,Armatimonadales,Armatimonadales,Armatimonadales,NA,Otu1992,B0211,95,197
Bacteria,Armatimonadota,Chthonomonadetes,Chthonomonadales,Chthonomonadaceae,Chthonomonas,NA,Otu20921,B0212,21,271
Bacteria,Armatimonadota,Chthonomonadetes,Chthonomonadales,Chthonomonadales,Chthonomonadales,NA,Otu4295,B0213,19,273
Bacteria,Armatimonadota,Fimbriimonadia,Fimbriimonadales,Fimbriimonadaceae,Fimbriimonadaceae,NA,Otu6439,B0214,118,174
Bacteria,Armatimonadota,Fimbriimonadia,Fimbriimonadales,Fimbriimonadaceae,Fimbriimonas,NA,Otu19109,B0215,6,286
Bacteria,Bacteroidota,Bacteroidia,Bacteroidales,Dysgonomonadaceae,Fermentimonas,NA,Otu27605,B0216,1,291
Bacteria,Bacteroidota,Bacteroidia,Bacteroidales,Rikenellaceae,Alistipes,NA,Otu28629,B0217,0,292
Bacteria,Bacteroidota,Bacteroidia,Chitinophagales,Chitinophagaceae,Chitinophaga,NA,Otu11601,B0218,6,286
Bacteria,Bacteroidota,Bacteroidia,Chitinophagales,Chitinophagaceae,Dinghuibacter,NA,Otu25438,B0219,0,292
Bacteria,Bacteroidota,Bacteroidia,Chitinophagales,Chitinophagaceae,Edaphobaculum,NA,Otu17809,B0220,7,285
Bacteria,Bacteroidota,Bacteroidia,Chitinophagales,Chitinophagaceae,Ferruginibacter,NA,Otu31481,B0221,2,290
Bacteria,Bacteroidota,Bacteroidia,Chitinophagales,Chitinophagaceae,Flavisolibacter,NA,Otu5751,B0222,21,271
Bacteria,Bacteroidota,Bacteroidia,Chitinophagales,Chitinophagaceae,Flavitalea,NA,Otu26356,B0223,1,291
Bacteria,Bacteroidota,Bacteroidia,Chitinophagales,Chitinophagaceae,Niastella,NA,Otu14137,B0224,6,286
Bacteria,Bacteroidota,Bacteroidia,Chitinophagales,Chitinophagaceae,Parafilimonas,NA,Otu14169,B0225,4,288
Bacteria,Bacteroidota,Bacteroidia,Chitinophagales,Chitinophagaceae,Puia,NA,Otu9274,B0226,15,277
Bacteria,Bacteroidota,Bacteroidia,Chitinophagales,Chitinophagaceae,Segetibacter,NA,Otu22652,B0227,7,285
Bacteria,Bacteroidota,Bacteroidia,Chitinophagales,Chitinophagaceae,Terrimonas,NA,Otu9648,B0228,8,284
Bacteria,Bacteroidota,Bacteroidia,Chitinophagales,Chitinophagaceae,UTBCD1,NA,Otu30419,B0229,1,291
Bacteria,Bacteroidota,Bacteroidia,Cytophagales,Cytophagaceae,Cytophaga,NA,Otu27293,B0230,6,286
Bacteria,Bacteroidota,Bacteroidia,Cytophagales,Cytophagaceae,Rhodocytophaga,NA,Otu26974,B0231,2,290
Bacteria,Bacteroidota,Bacteroidia,Cytophagales,Cytophagaceae,Sporocytophaga,NA,Otu14477,B0232,8,284
Bacteria,Bacteroidota,Bacteroidia,Cytophagales,Hymenobacteraceae,Adhaeribacter,NA,Otu7835,B0233,43,249
Bacteria,Bacteroidota,Bacteroidia,Cytophagales,Hymenobacteraceae,Hymenobacter,NA,Otu34630,B0234,4,288
Bacteria,Bacteroidota,Bacteroidia,Cytophagales,Microscillaceae,Chryseolinea,NA,Otu15534,B0235,6,286
Bacteria,Bacteroidota,Bacteroidia,Cytophagales,Microscillaceae,OLB12,NA,Otu23305,B0236,3,289
Bacteria,Bacteroidota,Bacteroidia,Cytophagales,Microscillaceae,Ohtaekwangia,NA,Otu6621,B0237,35,257
Bacteria,Bacteroidota,Bacteroidia,Cytophagales,Spirosomaceae,Dyadobacter,NA,Otu34796,B0238,1,291
Bacteria,Bacteroidota,Bacteroidia,Cytophagales,Spirosomaceae,Spirosoma,NA,Otu17014,B0239,4,288
Bacteria,Bacteroidota,Bacteroidia,Flavobacteriales,Blattabacteriaceae,Candidatus_Brownia,NA,Otu31585,B0240,1,291
Bacteria,Bacteroidota,Bacteroidia,Flavobacteriales,Flavobacteriaceae,Arenibacter,NA,Otu17923,B0241,2,290
Bacteria,Bacteroidota,Bacteroidia,Flavobacteriales,Flavobacteriaceae,Flavobacterium,NA,Otu1742,B0242,85,207
Bacteria,Bacteroidota,Bacteroidia,Flavobacteriales,Flavobacteriaceae,Myroides,NA,Otu22461,B0243,0,292
Bacteria,Bacteroidota,Bacteroidia,Flavobacteriales,NS9_marine_group,NS9_marine_group,NA,Otu15088,B0244,16,276
Bacteria,Bacteroidota,Bacteroidia,Flavobacteriales,Weeksellaceae,Chryseobacterium,NA,Otu14068,B0245,14,278
Bacteria,Bacteroidota,Bacteroidia,Flavobacteriales,Weeksellaceae,Moheibacter,NA,Otu22934,B0246,4,288
Bacteria,Bacteroidota,Bacteroidia,SM1A07,SM1A07,SM1A07,NA,Otu26404,B0247,1,291
Bacteria,Bacteroidota,Bacteroidia,Sphingobacteriales,AKYH767,AKYH767,NA,Otu11235,B0248,54,238
Bacteria,Bacteroidota,Bacteroidia,Sphingobacteriales,FFCH9454,FFCH9454,NA,Otu12875,B0249,7,285
Bacteria,Bacteroidota,Bacteroidia,Sphingobacteriales,Lentimicrobiaceae,Lentimicrobium,NA,Otu20552,B0250,3,289
Bacteria,Bacteroidota,Bacteroidia,Sphingobacteriales,Sphingobacteriaceae,Mucilaginibacter,NA,Otu6968,B0251,40,252
Bacteria,Bacteroidota,Bacteroidia,Sphingobacteriales,Sphingobacteriaceae,Olivibacter,NA,Otu18958,B0252,3,289
Bacteria,Bacteroidota,Bacteroidia,Sphingobacteriales,Sphingobacteriaceae,Pedobacter,NA,Otu13241,B0253,7,285
Bacteria,Bacteroidota,Bacteroidia,Sphingobacteriales,Sphingobacteriaceae,Sphingobacterium,NA,Otu10924,B0254,6,286
Bacteria,Bacteroidota,Kapabacteria,Kapabacteriales,Kapabacteriales,Kapabacteriales,NA,Otu3820,B0255,76,216
Bacteria,Bacteroidota,Kryptonia,Kryptoniales,BSV26,BSV26,NA,Otu22571,B0256,26,266
Bacteria,Bdellovibrionota,Bdellovibrionia,Bacteriovoracales,Bacteriovoracaceae,Bacteriovorax,NA,Otu34621,B0257,2,290
Bacteria,Bdellovibrionota,Bdellovibrionia,Bacteriovoracales,Bacteriovoracaceae,Peredibacter,NA,Otu10562,B0258,16,276
Bacteria,Bdellovibrionota,Bdellovibrionia,Bdellovibrionales,Bdellovibrionaceae,Bdellovibrio,NA,Otu3806,B0259,133,159
Bacteria,Bdellovibrionota,Bdellovibrionia,Bdellovibrionales,Bdellovibrionaceae,OM27_clade,NA,Otu15673,B0260,35,257
Bacteria,Bdellovibrionota,Oligoflexia,Oligoflexales,Oligoflexales,Oligoflexus,NA,Otu6628,B0261,16,276
Bacteria,Bdellovibrionota,Oligoflexia,Oligoflexales,Oligoflexales,Pseudobacteriovorax,NA,Otu30165,B0262,1,291
Bacteria,Bdellovibrionota,Oligoflexia,Silvanigrellales,Silvanigrellaceae,Silvanigrella,NA,Otu34741,B0263,4,288
Bacteria,Chloroflexi,AD3,AD3,AD3,AD3,NA,Otu167,B0264,278,1000
Bacteria,Chloroflexi,Anaerolineae,Anaerolineae,Anaerolineae,Anaerolineae,NA,Otu3703,B0265,65,227
Bacteria,Chloroflexi,Anaerolineae,Caldilineales,Caldilineaceae,Caldilineaceae,NA,Otu34939,B0266,5,287
Bacteria,Chloroflexi,Anaerolineae,Caldilineales,Caldilineaceae,Litorilinea,NA,Otu27006,B0267,6,286
Bacteria,Chloroflexi,Anaerolineae,SBR1031,A4b,A4b,NA,Otu10375,B0268,4,288
Bacteria,Chloroflexi,Anaerolineae,SBR1031,SBR1031,SBR1031,NA,Otu24276,B0269,13,279
Bacteria,Chloroflexi,Chloroflexia,Chloroflexales,Chloroflexaceae,Chloronema,NA,Otu30196,B0270,6,286
Bacteria,Chloroflexi,Chloroflexia,Chloroflexales,Chloroflexaceae,FFCH7168,NA,Otu25529,B0271,2,290
Bacteria,Chloroflexi,Chloroflexia,Chloroflexales,Chloroflexaceae,Oscillochloris,NA,Otu32952,B0272,4,288
Bacteria,Chloroflexi,Chloroflexia,Chloroflexales,Herpetosiphonaceae,Herpetosiphon,NA,Otu19076,B0273,20,272
Bacteria,Chloroflexi,Chloroflexia,Chloroflexales,Roseiflexaceae,Kouleothrix,NA,Otu15755,B0274,14,278
Bacteria,Chloroflexi,Chloroflexia,Kallotenuales,AKIW781,AKIW781,NA,Otu3761,B0275,24,268
Bacteria,Chloroflexi,Chloroflexia,Thermomicrobiales,AKYG1722,AKYG1722,NA,Otu9700,B0276,48,244
Bacteria,Chloroflexi,Chloroflexia,Thermomicrobiales,Thermomicrobiaceae,Nitrolancea,NA,Otu21221,B0277,16,276
Bacteria,Chloroflexi,Dehalococcoidia,FW22,FW22,FW22,NA,Otu29522,B0278,6,286
Bacteria,Chloroflexi,Dehalococcoidia,S085,S085,S085,NA,Otu12764,B0279,135,157
Bacteria,Chloroflexi,Dehalococcoidia,SAR202_clade,SAR202_clade,SAR202_clade,NA,Otu28452,B0280,0,292
Bacteria,Chloroflexi,Ktedonobacteria,C0119,C0119,C0119,NA,Otu3565,B0281,208,1000
Bacteria,Chloroflexi,Ktedonobacteria,Ktedonobacterales,Ktedonobacteraceae,1921,NA,Otu2522,B0282,178,1000
Bacteria,Chloroflexi,Ktedonobacteria,Ktedonobacterales,Ktedonobacteraceae,1959,NA,Otu8601,B0283,29,263
Bacteria,Chloroflexi,Ktedonobacteria,Ktedonobacterales,Ktedonobacteraceae,BacC,NA,Otu32663,B0284,1,291
Bacteria,Chloroflexi,Ktedonobacteria,Ktedonobacterales,Ktedonobacteraceae,FCPS473,NA,Otu1532,B0285,167,1000
Bacteria,Chloroflexi,Ktedonobacteria,Ktedonobacterales,Ktedonobacteraceae,G12,NA,Otu269,B0286,142,150
Bacteria,Chloroflexi,Ktedonobacteria,Ktedonobacterales,Ktedonobacteraceae,HSB_OF53,NA,Otu3709,B0287,65,227
Bacteria,Chloroflexi,Ktedonobacteria,Ktedonobacterales,Ktedonobacteraceae,JG30a,NA,Otu2294,B0288,127,165
Bacteria,Chloroflexi,Ktedonobacteria,Ktedonobacterales,Ktedonobacteraceae,Ktedonobacter,NA,Otu11443,B0289,39,253
Bacteria,Chloroflexi,Ktedonobacteria,Ktedonobacterales,Ktedonobacteraceae,Ktedonobacteraceae,NA,Otu23959,B0290,2,290
Bacteria,Chloroflexi,Ktedonobacteria,Ktedonobacterales,Ktedonobacteraceae,Thermosporothrix,NA,Otu10134,B0291,34,258
Bacteria,Chloroflexi,Ktedonobacteria,Ktedonobacterales,Ktedonobacterales,Ktedonobacterales,NA,Otu27534,B0292,1,291
Bacteria,Chloroflexi,TK10,TK10,TK10,TK10,NA,Otu1195,B0293,278,1000
Bacteria,Cyanobacteria,Cyanobacteriia,Chloroplast,Chloroplast,Chloroplast,NA,Otu10230,B0294,8,284
Bacteria,Cyanobacteria,Cyanobacteriia,Cyanobacteriales,Nostocaceae,Nostoc_PCC,NA,Otu29368,B0295,11,281
Bacteria,Cyanobacteria,Sericytochromatia,Sericytochromatia,Sericytochromatia,Sericytochromatia,NA,Otu4443,B0296,72,220
Bacteria,Cyanobacteria,Vampirivibrionia,Obscuribacterales,Obscuribacteraceae,Obscuribacteraceae,NA,Otu16834,B0297,1,291
Bacteria,Deinococcota,Deinococci,Deinococcales,Deinococcaceae,Deinococcus,NA,Otu9864,B0298,19,273
Bacteria,Deinococcota,Deinococci,Deinococcales,Trueperaceae,Truepera,NA,Otu22861,B0299,1,291
Bacteria,Dependentiae,Babeliae,Babeliales,Babeliaceae,Babeliaceae,NA,Otu20616,B0300,12,280
Bacteria,Dependentiae,Babeliae,Babeliales,Babeliales,Babeliales,NA,Otu20872,B0301,11,281
Bacteria,Dependentiae,Babeliae,Babeliales,UBA12409,UBA12409,NA,Otu29158,B0302,4,288
Bacteria,Dependentiae,Babeliae,Babeliales,Vermiphilaceae,Vermiphilaceae,NA,Otu33985,B0303,38,254
Bacteria,Desulfobacterota,Desulfobulbia,Desulfobulbales,Desulfobulbaceae,Desulfobulbus,NA,Otu23479,B0304,6,286
Bacteria,Desulfobacterota,Desulfuromonadia,Desulfuromonadia,Desulfuromonadaceae,Desulfuromonas,NA,Otu21970,B0305,34,258
Bacteria,Desulfobacterota,Desulfuromonadia,Geobacterales,Geobacteraceae,Citrifermentans,NA,Otu2347,B0306,108,184
Bacteria,Desulfobacterota,Desulfuromonadia,Geobacterales,Geobacteraceae,Geobacter,NA,Otu3692,B0307,32,260
Bacteria,Desulfobacterota,Desulfuromonadia,Geobacterales,Geobacteraceae,Geobacteraceae,NA,Otu14705,B0308,22,270
Bacteria,Elusimicrobiota,Elusimicrobia,FCPU453,FCPU453,FCPU453,NA,Otu28350,B0309,11,281
Bacteria,Elusimicrobiota,Elusimicrobia,Lineage_IV,Lineage_IV,Lineage_IV,NA,Otu3653,B0310,94,198
Bacteria,Elusimicrobiota,Lineage_IIa,Lineage_IIa,Lineage_IIa,Lineage_IIa,NA,Otu10658,B0311,133,159
Bacteria,Elusimicrobiota,Lineage_IIb,Lineage_IIb,Lineage_IIb,Lineage_IIb,NA,Otu9811,B0312,45,247
Bacteria,Elusimicrobiota,Lineage_IIc,Lineage_IIc,Lineage_IIc,Lineage_IIc,NA,Otu32370,B0313,7,285
Bacteria,Entotheonellaeota,Entotheonellia,Entotheonellales,Entotheonellaceae,Candidatus_Entotheonella,NA,Otu35576,B0314,2,290
Bacteria,Entotheonellaeota,Entotheonellia,Entotheonellales,Entotheonellaceae,Entotheonellaceae,NA,Otu4384,B0315,29,263
Bacteria,FCPU426,FCPU426,FCPU426,FCPU426,FCPU426,NA,Otu14622,B0316,11,281
Bacteria,Fibrobacterota,Fibrobacteria,Fibrobacterales,Fibrobacteraceae,possible_genus_04,NA,Otu5672,B0317,48,244
Bacteria,Fibrobacterota,Fibrobacteria,Fibrobacterales,Fibrobacterales,BBMC,NA,Otu12873,B0318,4,288
Bacteria,Firmicutes,Bacilli,Acholeplasmatales,Acholeplasmataceae,Candidatus_Phytoplasma,NA,Otu17543,B0319,1,291
Bacteria,Firmicutes,Bacilli,Alicyclobacillales,Alicyclobacillaceae,Acidibacillus,NA,Otu13960,B0320,8,284
Bacteria,Firmicutes,Bacilli,Alicyclobacillales,Alicyclobacillaceae,Alicyclobacillus,NA,Otu2864,B0321,57,235
Bacteria,Firmicutes,Bacilli,Alicyclobacillales,Alicyclobacillaceae,Effusibacillus,NA,Otu12854,B0322,14,278
Bacteria,Firmicutes,Bacilli,Alicyclobacillales,Alicyclobacillaceae,Tumebacillus,NA,Otu1239,B0323,138,154
Bacteria,Firmicutes,Bacilli,Aneurinibacillales,Aneurinibacillaceae,Aneurinibacillus,NA,Otu12959,B0324,28,264
Bacteria,Firmicutes,Bacilli,Bacillales,Bacillaceae,Aeribacillus,NA,Otu16372,B0325,13,279
Bacteria,Firmicutes,Bacilli,Bacillales,Bacillaceae,Anoxybacillus,NA,Otu34145,B0326,1,291
Bacteria,Firmicutes,Bacilli,Bacillales,Bacillaceae,Bacillus,NA,Otu28,B0327,280,1000
Bacteria,Firmicutes,Bacilli,Bacillales,Bacillaceae,Fictibacillus,NA,Otu3365,B0328,12,280
Bacteria,Firmicutes,Bacilli,Bacillales,Bacillaceae,Geobacillus,NA,Otu16650,B0329,16,276
Bacteria,Firmicutes,Bacilli,Bacillales,Bacillaceae,Gracilibacillus,NA,Otu8408,B0330,5,287
Bacteria,Firmicutes,Bacilli,Bacillales,Bacillaceae,Oceanobacillus,NA,Otu4520,B0331,47,245
Bacteria,Firmicutes,Bacilli,Bacillales,Bacillaceae,Ornithinibacillus,NA,Otu21450,B0332,5,287
Bacteria,Firmicutes,Bacilli,Bacillales,Bacillaceae,Paucisalibacillus,NA,Otu15986,B0333,9,283
Bacteria,Firmicutes,Bacilli,Bacillales,Bacillaceae,Pseudogracilibacillus,NA,Otu22455,B0334,5,287
Bacteria,Firmicutes,Bacilli,Bacillales,Bacillaceae,Sinibacillus,NA,Otu8869,B0335,7,285
Bacteria,Firmicutes,Bacilli,Bacillales,Bacillaceae,Terribacillus,NA,Otu3072,B0336,7,285
Bacteria,Firmicutes,Bacilli,Bacillales,Bacillaceae,Ureibacillus,NA,Otu3016,B0337,28,264
Bacteria,Firmicutes,Bacilli,Bacillales,Marinococcaceae,Alteribacillus,NA,Otu1100,B0338,73,219
Bacteria,Firmicutes,Bacilli,Bacillales,Planococcaceae,Bhargavaea,NA,Otu7220,B0339,6,286
Bacteria,Firmicutes,Bacilli,Bacillales,Planococcaceae,Caryophanon,NA,Otu7655,B0340,0,292
Bacteria,Firmicutes,Bacilli,Bacillales,Planococcaceae,Chungangia,NA,Otu22320,B0341,0,292
Bacteria,Firmicutes,Bacilli,Bacillales,Planococcaceae,Domibacillus,NA,Otu3614,B0342,31,261
Bacteria,Firmicutes,Bacilli,Bacillales,Planococcaceae,Lysinibacillus,NA,Otu4940,B0343,83,209
Bacteria,Firmicutes,Bacilli,Bacillales,Planococcaceae,Paenisporosarcina,NA,Otu5800,B0344,11,281
Bacteria,Firmicutes,Bacilli,Bacillales,Planococcaceae,Psychrobacillus,NA,Otu3115,B0345,83,209
Bacteria,Firmicutes,Bacilli,Bacillales,Planococcaceae,Rummeliibacillus,NA,Otu3450,B0346,16,276
Bacteria,Firmicutes,Bacilli,Bacillales,Planococcaceae,Solibacillus,NA,Otu1123,B0347,110,182
Bacteria,Firmicutes,Bacilli,Bacillales,Planococcaceae,Sporosarcina,NA,Otu682,B0348,122,170
Bacteria,Firmicutes,Bacilli,Bacillales,Sporolactobacillaceae,Pullulanibacillus,NA,Otu1083,B0349,75,217
Bacteria,Firmicutes,Bacilli,Bacillales,Sporolactobacillaceae,Sporolactobacillus,NA,Otu11180,B0350,4,288
Bacteria,Firmicutes,Bacilli,Bacillales,Sporolactobacillaceae,Tuberibacillus,NA,Otu13845,B0351,7,285
Bacteria,Firmicutes,Bacilli,Brevibacillales,Brevibacillaceae,Brevibacillus,NA,Otu1587,B0352,39,253
Bacteria,Firmicutes,Bacilli,Caldalkalibacillales,Caldalkalibacillaceae,Caldalkalibacillus,NA,Otu8051,B0353,12,280
Bacteria,Firmicutes,Bacilli,Erysipelotrichales,Erysipelotrichaceae,Turicibacter,NA,Otu367,B0354,68,224
Bacteria,Firmicutes,Bacilli,Exiguobacterales,Exiguobacteraceae,Exiguobacterium,NA,Otu23449,B0355,2,290
Bacteria,Firmicutes,Bacilli,Izemoplasmatales,Izemoplasmatales,Izemoplasmatales,NA,Otu14671,B0356,16,276
Bacteria,Firmicutes,Bacilli,Lactobacillales,Lactobacillaceae,Lactobacillus,NA,Otu11884,B0357,5,287
Bacteria,Firmicutes,Bacilli,Lactobacillales,Listeriaceae,Listeria,NA,Otu6,B0358,111,181
Bacteria,Firmicutes,Bacilli,Lactobacillales,Streptococcaceae,Streptococcus,NA,Otu17738,B0359,10,282
Bacteria,Firmicutes,Bacilli,Paenibacillales,Paenibacillaceae,Ammoniibacillus,NA,Otu8884,B0360,26,266
Bacteria,Firmicutes,Bacilli,Paenibacillales,Paenibacillaceae,Ammoniphilus,NA,Otu1202,B0361,80,212
Bacteria,Firmicutes,Bacilli,Paenibacillales,Paenibacillaceae,Cohnella,NA,Otu6961,B0362,85,207
Bacteria,Firmicutes,Bacilli,Paenibacillales,Paenibacillaceae,Paenibacillus,NA,Otu1161,B0363,258,1000
Bacteria,Firmicutes,Bacilli,Paenibacillales,Paenibacillaceae,Thermobacillus,NA,Otu5665,B0364,42,250
Bacteria,Firmicutes,Bacilli,Thermoactinomycetales,Thermoactinomycetaceae,Hazenella,NA,Otu30075,B0365,0,292
Bacteria,Firmicutes,Bacilli,Thermoactinomycetales,Thermoactinomycetaceae,Kroppenstedtia,NA,Otu3830,B0366,11,281
Bacteria,Firmicutes,Bacilli,Thermoactinomycetales,Thermoactinomycetaceae,Laceyella,NA,Otu10480,B0367,10,282
Bacteria,Firmicutes,Bacilli,Thermoactinomycetales,Thermoactinomycetaceae,Melghirimyces,NA,Otu7389,B0368,5,287
Bacteria,Firmicutes,Bacilli,Thermoactinomycetales,Thermoactinomycetaceae,Novibacillus,NA,Otu2195,B0369,30,262
Bacteria,Firmicutes,Bacilli,Thermoactinomycetales,Thermoactinomycetaceae,Pasteuria,NA,Otu30606,B0370,1,291
Bacteria,Firmicutes,Bacilli,Thermoactinomycetales,Thermoactinomycetaceae,Planifilum,NA,Otu2421,B0371,49,243
Bacteria,Firmicutes,Bacilli,Thermoactinomycetales,Thermoactinomycetaceae,Risungbinella,NA,Otu21855,B0372,3,289
Bacteria,Firmicutes,Bacilli,Thermoactinomycetales,Thermoactinomycetaceae,Shimazuella,NA,Otu8528,B0373,25,267
Bacteria,Firmicutes,Bacilli,Thermoactinomycetales,Thermoactinomycetaceae,Thermoactinomyces,NA,Otu2405,B0374,35,257
Bacteria,Firmicutes,Bacilli,Thermoactinomycetales,Thermoactinomycetaceae,Thermoactinomycetaceae,NA,Otu12004,B0375,7,285
Bacteria,Firmicutes,Bacilli,Thermoactinomycetales,Thermoactinomycetaceae,Thermoflavimicrobium,NA,Otu9712,B0376,18,274
Bacteria,Firmicutes,Clostridia,Caldicoprobacterales,Caldicoprobacteraceae,Caldicoprobacter,NA,Otu11128,B0377,43,249
Bacteria,Firmicutes,Clostridia,Christensenellales,Christensenellaceae,Christensenellaceae_R,NA,Otu32860,B0378,7,285
Bacteria,Firmicutes,Clostridia,Clostridia,Gracilibacteraceae,Gracilibacter,NA,Otu30121,B0379,6,286
Bacteria,Firmicutes,Clostridia,Clostridia,Gracilibacteraceae,Lutispora,NA,Otu12593,B0380,21,271
Bacteria,Firmicutes,Clostridia,Clostridia,Hungateiclostridiaceae,Acetivibrio,NA,Otu27398,B0381,3,289
Bacteria,Firmicutes,Clostridia,Clostridia,Hungateiclostridiaceae,HN,NA,Otu33091,B0382,2,290
Bacteria,Firmicutes,Clostridia,Clostridia,Hungateiclostridiaceae,Hungateiclostridium,NA,Otu27047,B0383,1,291
Bacteria,Firmicutes,Clostridia,Clostridia,Hungateiclostridiaceae,Pseudoclostridium,NA,Otu25711,B0384,1,291
Bacteria,Firmicutes,Clostridia,Clostridia,Hungateiclostridiaceae,Ruminiclostridium,NA,Otu10578,B0385,14,278
Bacteria,Firmicutes,Clostridia,Clostridia,Hungateiclostridiaceae,Thermoclostridium,NA,Otu32572,B0386,2,290
Bacteria,Firmicutes,Clostridia,Clostridia,Hungateiclostridiaceae,UCG,NA,Otu14993,B0387,1,291
Bacteria,Firmicutes,Clostridia,Clostridiales,Caloramatoraceae,Fonticella,NA,Otu3033,B0388,50,242
Bacteria,Firmicutes,Clostridia,Clostridiales,Clostridiaceae,Clostridium_sensu_stricto_1,NA,Otu3556,B0389,63,229
Bacteria,Firmicutes,Clostridia,Clostridiales,Clostridiaceae,Clostridium_sensu_stricto_10,NA,Otu9281,B0390,29,263
Bacteria,Firmicutes,Clostridia,Clostridiales,Clostridiaceae,Clostridium_sensu_stricto_11,NA,Otu25384,B0391,2,290
Bacteria,Firmicutes,Clostridia,Clostridiales,Clostridiaceae,Clostridium_sensu_stricto_12,NA,Otu8414,B0392,16,276
Bacteria,Firmicutes,Clostridia,Clostridiales,Clostridiaceae,Clostridium_sensu_stricto_13,NA,Otu1810,B0393,47,245
Bacteria,Firmicutes,Clostridia,Clostridiales,Clostridiaceae,Clostridium_sensu_stricto_16,NA,Otu12206,B0394,1,291
Bacteria,Firmicutes,Clostridia,Clostridiales,Clostridiaceae,Clostridium_sensu_stricto_18,NA,Otu24111,B0395,1,291
Bacteria,Firmicutes,Clostridia,Clostridiales,Clostridiaceae,Clostridium_sensu_stricto_2,NA,Otu32771,B0396,2,290
Bacteria,Firmicutes,Clostridia,Clostridiales,Clostridiaceae,Clostridium_sensu_stricto_3,NA,Otu18884,B0397,5,287
Bacteria,Firmicutes,Clostridia,Clostridiales,Clostridiaceae,Clostridium_sensu_stricto_5,NA,Otu20740,B0398,0,292
Bacteria,Firmicutes,Clostridia,Clostridiales,Clostridiaceae,Clostridium_sensu_stricto_6,NA,Otu15650,B0399,2,290
Bacteria,Firmicutes,Clostridia,Clostridiales,Clostridiaceae,Clostridium_sensu_stricto_7,NA,Otu29542,B0400,2,290
Bacteria,Firmicutes,Clostridia,Clostridiales,Clostridiaceae,Clostridium_sensu_stricto_8,NA,Otu28083,B0401,23,269
Bacteria,Firmicutes,Clostridia,Clostridiales,Clostridiaceae,Clostridium_sensu_stricto_9,NA,Otu5136,B0402,31,261
Bacteria,Firmicutes,Clostridia,Clostridiales,Clostridiaceae,Sarcina,NA,Otu34103,B0403,1,291
Bacteria,Firmicutes,Clostridia,Clostridiales,Oxobacteraceae,Oxobacter,NA,Otu24529,B0404,6,286
Bacteria,Firmicutes,Clostridia,Eubacteriales,Eubacteriales,Alkalibaculum,NA,Otu25181,B0405,4,288
Bacteria,Firmicutes,Clostridia,Eubacteriales,Garciellaceae,Rhabdanaerobium,NA,Otu12380,B0406,1,291
Bacteria,Firmicutes,Clostridia,Lachnospirales,Lachnospiraceae,Anaerocolumna,NA,Otu28782,B0407,9,283
Bacteria,Firmicutes,Clostridia,Lachnospirales,Lachnospiraceae,Anaerosporobacter,NA,Otu21673,B0408,2,290
Bacteria,Firmicutes,Clostridia,Lachnospirales,Lachnospiraceae,Epulopiscium,NA,Otu27356,B0409,7,285
Bacteria,Firmicutes,Clostridia,Lachnospirales,Lachnospiraceae,Herbinix,NA,Otu9862,B0410,19,273
Bacteria,Firmicutes,Clostridia,Lachnospirales,Lachnospiraceae,Lachnoclostridium,NA,Otu30735,B0411,4,288
Bacteria,Firmicutes,Clostridia,Lachnospirales,Lachnospiraceae,Mobilitalea,NA,Otu18244,B0412,7,285
Bacteria,Firmicutes,Clostridia,Lachnospirales,Lachnospiraceae,Tyzzerella,NA,Otu7291,B0413,38,254
Bacteria,Firmicutes,Clostridia,Monoglobales,Monoglobaceae,Monoglobus,NA,Otu28977,B0414,4,288
Bacteria,Firmicutes,Clostridia,Oscillospirales,Ethanoligenenaceae,Ethanoligenenaceae,NA,Otu28976,B0415,4,288
Bacteria,Firmicutes,Clostridia,Oscillospirales,Ruminococcaceae,Candidatus_Soleaferrea,NA,Otu19882,B0416,7,285
Bacteria,Firmicutes,Clostridia,Oscillospirales,Ruminococcaceae,Ruminococcus,NA,Otu13150,B0417,13,279
Bacteria,Firmicutes,Clostridia,Thermincolales,Thermincolaceae,Thermincola,NA,Otu22778,B0418,4,288
Bacteria,Firmicutes,Desulfitobacteriia,Desulfitobacteriales,Desulfitobacteriaceae,Desulfitobacterium,NA,Otu17777,B0419,6,286
Bacteria,Firmicutes,Desulfitobacteriia,Desulfitobacteriales,Desulfitobacteriaceae,Desulfosporosinus,NA,Otu6316,B0420,26,266
Bacteria,Firmicutes,Desulfotomaculia,Desulfotomaculales,Desulfotomaculales,Desulfohalotomaculum,NA,Otu30921,B0421,2,290
Bacteria,Firmicutes,Desulfotomaculia,Desulfotomaculales,Desulfotomaculales,Desulfurispora,NA,Otu21226,B0422,1,291
Bacteria,Firmicutes,Dethiobacteria,Dethiobacterales,Dethiobacteraceae,Dethiobacter,NA,Otu28535,B0423,14,278
Bacteria,Firmicutes,Limnochordia,Limnochordales,Limnochordaceae,Limnochorda,NA,Otu5371,B0424,13,279
Bacteria,Firmicutes,Limnochordia,Limnochordales,Limnochordaceae,Limnochordaceae,NA,Otu5747,B0425,56,236
Bacteria,Firmicutes,Limnochordia,Limnochordia,Limnochordia,Limnochordia,NA,Otu23830,B0426,7,285
Bacteria,Firmicutes,Limnochordia,MBA03,MBA03,MBA03,NA,Otu15821,B0427,45,247
Bacteria,Firmicutes,Moorellia,Desulfitibacterales,Desulfitibacteraceae,Desulfitibacter,NA,Otu29422,B0428,6,286
Bacteria,Firmicutes,Symbiobacteriia,Symbiobacteriales,Symbiobacteraceae,Symbiobacterium,NA,Otu2830,B0429,28,264
Bacteria,Firmicutes,Syntrophomonadia,Syntrophomonadales,Syntrophomonadaceae,Syntrophomonas,NA,Otu31405,B0430,6,286
Bacteria,GAL15,GAL15,GAL15,GAL15,GAL15,NA,Otu29629,B0431,7,285
Bacteria,Gemmatimonadota,AKAU4049,AKAU4049,AKAU4049,AKAU4049,NA,Otu27178,B0432,4,288
Bacteria,Gemmatimonadota,Gemmatimonadetes,Gemmatimonadales,Gemmatimonadaceae,Gemmatimonas,NA,Otu219,B0433,278,1000
Bacteria,Gemmatimonadota,Gemmatimonadetes,Gemmatimonadales,Gemmatimonadaceae,Roseisolibacter,NA,Otu33461,B0434,216,1000
Bacteria,Gemmatimonadota,Longimicrobia,Longimicrobiales,Longimicrobiaceae,Longimicrobiaceae,NA,Otu15461,B0435,37,255
Bacteria,Gemmatimonadota,Longimicrobia,Longimicrobiales,Longimicrobiaceae,Longimicrobium,NA,Otu35209,B0436,7,285
Bacteria,Gemmatimonadota,Longimicrobia,Longimicrobiales,Longimicrobiaceae,YC,NA,Otu1416,B0437,135,157
Bacteria,Gemmatimonadota,S0134_terrestrial_group,S0134_terrestrial_group,S0134_terrestrial_group,S0134_terrestrial_group,NA,Otu4366,B0438,74,218
Bacteria,Halanaerobiaeota,Halanaerobiia,Halanaerobiales,Halanaerobiaceae,Halocella,NA,Otu19629,B0439,2,290
Bacteria,Latescibacterota,Latescibacteria,Latescibacterales,Latescibacteraceae,Latescibacteraceae,NA,Otu15220,B0440,10,282
Bacteria,Latescibacterota,Latescibacterota,Latescibacterota,Latescibacterota,Latescibacterota,NA,Otu10381,B0441,52,240
Bacteria,MBNT15,MBNT15,MBNT15,MBNT15,MBNT15,NA,Otu10481,B0442,36,256
Bacteria,Methylomirabilota,Methylomirabilia,Rokubacteriales,Rokubacteriales,Rokubacteriales,NA,Otu19325,B0443,34,258
Bacteria,Myxococcota,Myxococcia,Myxococcales,Anaeromyxobacteraceae,Anaeromyxobacter,NA,Otu573,B0444,266,1000
Bacteria,Myxococcota,Myxococcia,Myxococcales,Myxococcaceae,Archangium,NA,Otu1162,B0445,55,237
Bacteria,Myxococcota,Myxococcia,Myxococcales,Myxococcaceae,Corallococcus,NA,Otu7122,B0446,1,291
Bacteria,Myxococcota,Myxococcia,Myxococcales,Myxococcaceae,Cystobacter,NA,Otu4810,B0447,1,291
Bacteria,Myxococcota,Myxococcia,Myxococcales,Myxococcaceae,KD3,NA,Otu15191,B0448,35,257
Bacteria,Myxococcota,Myxococcia,Myxococcales,Myxococcaceae,Melittangium,NA,Otu3515,B0449,4,288
Bacteria,Myxococcota,Myxococcia,Myxococcales,Myxococcaceae,Myxococcaceae,NA,Otu23709,B0450,5,287
Bacteria,Myxococcota,Myxococcia,Myxococcales,Myxococcaceae,Myxococcus,NA,Otu4405,B0451,3,289
Bacteria,Myxococcota,Myxococcia,Myxococcales,Myxococcaceae,P3OB,NA,Otu4420,B0452,115,177
Bacteria,Myxococcota,Myxococcia,Myxococcales,Myxococcaceae,Stigmatella,NA,Otu10833,B0453,0,292
Bacteria,Myxococcota,Myxococcia,Myxococcales,Vulgatibacteraceae,Vulgatibacter,NA,Otu5254,B0454,63,229
Bacteria,Myxococcota,Polyangia,Blfdi19,Blfdi19,Blfdi19,NA,Otu10362,B0455,44,248
Bacteria,Myxococcota,Polyangia,Haliangiales,Haliangiaceae,Haliangium,NA,Otu93,B0456,283,1000
Bacteria,Myxococcota,Polyangia,Nannocystales,Nannocystaceae,Nannocystaceae,NA,Otu19688,B0457,1,291
Bacteria,Myxococcota,Polyangia,Nannocystales,Nannocystaceae,Nannocystis,NA,Otu3521,B0458,20,272
Bacteria,Myxococcota,Polyangia,Nannocystales,Nannocystaceae,Pseudenhygromyxa,NA,Otu16173,B0459,8,284
Bacteria,Myxococcota,Polyangia,Polyangiales,BIrii41,BIrii41,NA,Otu2237,B0460,186,1000
Bacteria,Myxococcota,Polyangia,Polyangiales,Phaselicystidaceae,Phaselicystis,NA,Otu1494,B0461,134,158
Bacteria,Myxococcota,Polyangia,Polyangiales,Polyangiaceae,Aetherobacter,NA,Otu296,B0462,88,204
Bacteria,Myxococcota,Polyangia,Polyangiales,Polyangiaceae,Minicystis,NA,Otu2835,B0463,55,237
Bacteria,Myxococcota,Polyangia,Polyangiales,Polyangiaceae,Pajaroellobacter,NA,Otu3117,B0464,194,1000
Bacteria,Myxococcota,Polyangia,Polyangiales,Polyangiaceae,Polyangiaceae,NA,Otu23432,B0465,1,291
Bacteria,Myxococcota,Polyangia,Polyangiales,Polyangiaceae,Polyangium,NA,Otu7710,B0466,4,288
Bacteria,Myxococcota,Polyangia,Polyangiales,Polyangiaceae,Sorangium,NA,Otu3844,B0467,85,207
Bacteria,Myxococcota,Polyangia,Polyangiales,Sandaracinaceae,Sandaracinus,NA,Otu14008,B0468,14,278
Bacteria,Myxococcota,bacteriap25,bacteriap25,bacteriap25,bacteriap25,NA,Otu4117,B0469,107,185
Bacteria,Nitrospirota,Leptospirillia,Leptospirillales,Leptospirillaceae,Leptospirillum,NA,Otu32973,B0470,1,291
Bacteria,Nitrospirota,Nitrospiria,Nitrospirales,Nitrospiraceae,Nitrospira,NA,Otu286,B0471,166,1000
Bacteria,Patescibacteria,ABY1,Candidatus_Magasanikbacteria,Candidatus_Magasanikbacteria,Candidatus_Magasanikbacteria,NA,Otu25480,B0472,1,291
Bacteria,Patescibacteria,Berkelbacteria,Berkelbacteria,Berkelbacteria,Berkelbacteria,NA,Otu2773,B0473,9,283
Bacteria,Patescibacteria,Dojkabacteria,Dojkabacteria,Dojkabacteria,Dojkabacteria,NA,Otu23087,B0474,1,291
Bacteria,Patescibacteria,Microgenomatia,Candidatus_Woykebacteria,Candidatus_Woykebacteria,Candidatus_Woykebacteria,NA,Otu11380,B0475,2,290
Bacteria,Patescibacteria,Microgenomatia,Microgenomatia,Microgenomatia,Microgenomatia,NA,Otu11253,B0476,3,289
Bacteria,Patescibacteria,Parcubacteria,Candidatus_Adlerbacteria,Candidatus_Adlerbacteria,Candidatus_Adlerbacteria,NA,Otu24884,B0477,10,282
Bacteria,Patescibacteria,Parcubacteria,Candidatus_Kaiserbacteria,Candidatus_Kaiserbacteria,Candidatus_Kaiserbacteria,NA,Otu32890,B0478,13,279
Bacteria,Patescibacteria,Parcubacteria,Candidatus_Yanofskybacteria,Candidatus_Yanofskybacteria,Candidatus_Yanofskybacteria,NA,Otu24718,B0479,0,292
Bacteria,Patescibacteria,Parcubacteria,Parcubacteria,Parcubacteria,Parcubacteria,NA,Otu14572,B0480,2,290
Bacteria,Patescibacteria,Saccharimonadia,Saccharimonadales,LWQ8,LWQ8,NA,Otu12799,B0481,25,267
Bacteria,Patescibacteria,Saccharimonadia,Saccharimonadales,S32,TM7,NA,Otu6682,B0482,11,281
Bacteria,Patescibacteria,Saccharimonadia,Saccharimonadales,Saccharimonadaceae,TM7a,NA,Otu7032,B0483,1,291
Bacteria,Patescibacteria,Saccharimonadia,Saccharimonadales,Saccharimonadales,Saccharimonadales,NA,Otu11412,B0484,122,170
Bacteria,Patescibacteria,Saccharimonadia,Saccharimonadales,WWH38,WWH38,NA,Otu17529,B0485,14,278
Bacteria,Planctomycetota,OM190,OM190,OM190,OM190,NA,Otu1887,B0486,53,239
Bacteria,Planctomycetota,Phycisphaerae,Phycisphaerales,Phycisphaeraceae,AKYG587,NA,Otu25749,B0487,2,290
Bacteria,Planctomycetota,Phycisphaerae,Phycisphaerales,Phycisphaeraceae,I,NA,Otu19839,B0488,3,289
Bacteria,Planctomycetota,Phycisphaerae,Phycisphaerales,Phycisphaeraceae,SM1A02,NA,Otu4321,B0489,119,173
Bacteria,Planctomycetota,Phycisphaerae,Tepidisphaerales,Tepidisphaeraceae,Tepidisphaeraceae,NA,Otu17659,B0490,1,291
Bacteria,Planctomycetota,Phycisphaerae,Tepidisphaerales,WD2101_soil_group,WD2101_soil_group,NA,Otu3978,B0491,123,169
Bacteria,Planctomycetota,Pla4_lineage,Pla4_lineage,Pla4_lineage,Pla4_lineage,NA,Otu3458,B0492,68,224
Bacteria,Planctomycetota,Planctomycetes,Gemmatales,Gemmataceae,Fimbriiglobus,NA,Otu34058,B0493,2,290
Bacteria,Planctomycetota,Planctomycetes,Gemmatales,Gemmataceae,Gemmata,NA,Otu14820,B0494,61,231
Bacteria,Planctomycetota,Planctomycetes,Gemmatales,Gemmataceae,Telmatocola,NA,Otu28031,B0495,4,288
Bacteria,Planctomycetota,Planctomycetes,Gemmatales,Gemmataceae,Zavarzinella,NA,Otu10312,B0496,14,278
Bacteria,Planctomycetota,Planctomycetes,Isosphaerales,Isosphaeraceae,Aquisphaera,NA,Otu25505,B0497,4,288
Bacteria,Planctomycetota,Planctomycetes,Isosphaerales,Isosphaeraceae,Candidatus_Nostocoida,NA,Otu19217,B0498,3,289
Bacteria,Planctomycetota,Planctomycetes,Isosphaerales,Isosphaeraceae,Singulisphaera,NA,Otu1538,B0499,107,185
Bacteria,Planctomycetota,Planctomycetes,Isosphaerales,Isosphaeraceae,Tundrisphaera,NA,Otu1851,B0500,91,201
Bacteria,Planctomycetota,Planctomycetes,Pirellulales,Pirellulaceae,Pir4_lineage,NA,Otu12344,B0501,16,276
Bacteria,Planctomycetota,Planctomycetes,Pirellulales,Pirellulaceae,Pirellula,NA,Otu2562,B0502,56,236
Bacteria,Planctomycetota,Planctomycetes,Planctomycetales,Schlesneriaceae,Planctopirus,NA,Otu17096,B0503,3,289
Bacteria,Planctomycetota,Planctomycetes,Planctomycetales,Schlesneriaceae,Schlesneria,NA,Otu18522,B0504,9,283
Bacteria,Planctomycetota,vadinHA49,vadinHA49,vadinHA49,vadinHA49,NA,Otu2995,B0505,149,1000
Bacteria,Proteobacteria,Alphaproteobacteria,Acetobacterales,Acetobacteraceae,Acidicaldus,NA,Otu363,B0506,204,1000
Bacteria,Proteobacteria,Alphaproteobacteria,Acetobacterales,Acetobacteraceae,Acidiphilium,NA,Otu627,B0507,196,1000
Bacteria,Proteobacteria,Alphaproteobacteria,Acetobacterales,Acetobacteraceae,Acidisoma,NA,Otu5577,B0508,46,246
Bacteria,Proteobacteria,Alphaproteobacteria,Acetobacterales,Acetobacteraceae,Acidisphaera,NA,Otu2261,B0509,19,273
Bacteria,Proteobacteria,Alphaproteobacteria,Acetobacterales,Acetobacteraceae,Acidocella,NA,Otu6772,B0510,56,236
Bacteria,Proteobacteria,Alphaproteobacteria,Acetobacterales,Acetobacteraceae,Belnapia,NA,Otu6587,B0511,26,266
Bacteria,Proteobacteria,Alphaproteobacteria,Acetobacterales,Acetobacteraceae,Craurococcus,NA,Otu15750,B0512,24,268
Bacteria,Proteobacteria,Alphaproteobacteria,Acetobacterales,Acetobacteraceae,Endobacter,NA,Otu2366,B0513,19,273
Bacteria,Proteobacteria,Alphaproteobacteria,Acetobacterales,Acetobacteraceae,Rhodopila,NA,Otu1672,B0514,44,248
Bacteria,Proteobacteria,Alphaproteobacteria,Acetobacterales,Acetobacteraceae,Rhodovastum,NA,Otu370,B0515,90,202
Bacteria,Proteobacteria,Alphaproteobacteria,Acetobacterales,Acetobacteraceae,Roseococcus,NA,Otu16057,B0516,32,260
Bacteria,Proteobacteria,Alphaproteobacteria,Acetobacterales,Acetobacteraceae,Roseomonas,NA,Otu7885,B0517,112,180
Bacteria,Proteobacteria,Alphaproteobacteria,Azospirillales,Azospirillaceae,Desertibacter,NA,Otu20285,B0518,2,290
Bacteria,Proteobacteria,Alphaproteobacteria,Azospirillales,Azospirillaceae,Skermanella,NA,Otu2947,B0519,98,194
Bacteria,Proteobacteria,Alphaproteobacteria,Azospirillales,Inquilinaceae,Inquilinus,NA,Otu6063,B0520,59,233
Bacteria,Proteobacteria,Alphaproteobacteria,Caedibacterales,Caedibacteraceae,Caedibacter,NA,Otu18895,B0521,2,290
Bacteria,Proteobacteria,Alphaproteobacteria,Caulobacterales,Caulobacteraceae,Asticcacaulis,NA,Otu7731,B0522,43,249
Bacteria,Proteobacteria,Alphaproteobacteria,Caulobacterales,Caulobacteraceae,Brevundimonas,NA,Otu6993,B0523,20,272
Bacteria,Proteobacteria,Alphaproteobacteria,Caulobacterales,Caulobacteraceae,Caulobacter,NA,Otu10451,B0524,42,250
Bacteria,Proteobacteria,Alphaproteobacteria,Caulobacterales,Caulobacteraceae,Phenylobacterium,NA,Otu653,B0525,235,1000
Bacteria,Proteobacteria,Alphaproteobacteria,Caulobacterales,Hyphomonadaceae,Hirschia,NA,Otu1990,B0526,36,256
Bacteria,Proteobacteria,Alphaproteobacteria,Caulobacterales,Hyphomonadaceae,SWB02,NA,Otu6194,B0527,43,249
Bacteria,Proteobacteria,Alphaproteobacteria,Defluviicoccales,Defluviicoccaceae,Defluviicoccus,NA,Otu8774,B0528,24,268
Bacteria,Proteobacteria,Alphaproteobacteria,Dongiales,Dongiaceae,Dongia,NA,Otu766,B0529,120,172
Bacteria,Proteobacteria,Alphaproteobacteria,Elsterales,Elsteraceae,Aliidongia,NA,Otu2564,B0530,37,255
Bacteria,Proteobacteria,Alphaproteobacteria,Elsterales,URHD0088,URHD0088,NA,Otu257,B0531,160,1000
Bacteria,Proteobacteria,Alphaproteobacteria,Holosporales,Holosporaceae,Holosporaceae,NA,Otu4088,B0532,3,289
Bacteria,Proteobacteria,Alphaproteobacteria,Micropepsales,Micropepsaceae,Micropepsaceae,NA,Otu13029,B0533,23,269
Bacteria,Proteobacteria,Alphaproteobacteria,Micropepsales,Micropepsaceae,Micropepsis,NA,Otu16789,B0534,3,289
Bacteria,Proteobacteria,Alphaproteobacteria,Micropepsales,Micropepsaceae,Rhizomicrobium,NA,Otu1236,B0535,47,245
Bacteria,Proteobacteria,Alphaproteobacteria,Paracaedibacterales,Paracaedibacteraceae,Candidatus_Paracaedibacter,NA,Otu24009,B0536,3,289
Bacteria,Proteobacteria,Alphaproteobacteria,Parvibaculales,Parvibaculaceae,Parvibaculum,NA,Otu29039,B0537,15,277
Bacteria,Proteobacteria,Alphaproteobacteria,Parvibaculales,Parvibaculaceae,Rhodoligotrophos,NA,Otu28882,B0538,8,284
Bacteria,Proteobacteria,Alphaproteobacteria,Puniceispirillales,Puniceispirillales,Puniceispirillales,NA,Otu11368,B0539,9,283
Bacteria,Proteobacteria,Alphaproteobacteria,Reyranellales,Reyranellaceae,Reyranella,NA,Otu159,B0540,255,1000
Bacteria,Proteobacteria,Alphaproteobacteria,Rhizobiales,A0839,A0839,NA,Otu3773,B0541,96,196
Bacteria,Proteobacteria,Alphaproteobacteria,Rhizobiales,Beijerinckiaceae,1174,NA,Otu1258,B0542,117,175
Bacteria,Proteobacteria,Alphaproteobacteria,Rhizobiales,Beijerinckiaceae,Beijerinckiaceae,NA,Otu26860,B0543,3,289
Bacteria,Proteobacteria,Alphaproteobacteria,Rhizobiales,Beijerinckiaceae,Bosea,NA,Otu6400,B0544,20,272
Bacteria,Proteobacteria,Alphaproteobacteria,Rhizobiales,Beijerinckiaceae,FFCH5858,NA,Otu23490,B0545,0,292
Bacteria,Proteobacteria,Alphaproteobacteria,Rhizobiales,Beijerinckiaceae,Methylobacterium,NA,Otu646,B0546,159,1000
Bacteria,Proteobacteria,Alphaproteobacteria,Rhizobiales,Beijerinckiaceae,Methylocapsa,NA,Otu12883,B0547,10,282
Bacteria,Proteobacteria,Alphaproteobacteria,Rhizobiales,Beijerinckiaceae,Methylocella,NA,Otu3171,B0548,20,272
Bacteria,Proteobacteria,Alphaproteobacteria,Rhizobiales,Beijerinckiaceae,Methylocystis,NA,Otu2186,B0549,35,257
Bacteria,Proteobacteria,Alphaproteobacteria,Rhizobiales,Beijerinckiaceae,Methylorosula,NA,Otu326,B0550,114,178
Bacteria,Proteobacteria,Alphaproteobacteria,Rhizobiales,Beijerinckiaceae,Methylovirgula,NA,Otu8153,B0551,19,273
Bacteria,Proteobacteria,Alphaproteobacteria,Rhizobiales,Beijerinckiaceae,Microvirga,NA,Otu587,B0552,232,1000
Bacteria,Proteobacteria,Alphaproteobacteria,Rhizobiales,Beijerinckiaceae,Neo,NA,Otu15203,B0553,13,279
Bacteria,Proteobacteria,Alphaproteobacteria,Rhizobiales,Beijerinckiaceae,Psychroglaciecola,NA,Otu1015,B0554,124,168
Bacteria,Proteobacteria,Alphaproteobacteria,Rhizobiales,Beijerinckiaceae,Rhodoblastus,NA,Otu9462,B0555,26,266
Bacteria,Proteobacteria,Alphaproteobacteria,Rhizobiales,Beijerinckiaceae,Roseiarcus,NA,Otu58,B0556,260,1000
Bacteria,Proteobacteria,Alphaproteobacteria,Rhizobiales,Beijerinckiaceae,alphaI_cluster,NA,Otu8010,B0557,166,1000
Bacteria,Proteobacteria,Alphaproteobacteria,Rhizobiales,Devosiaceae,Arsenicitalea,NA,Otu9668,B0558,6,286
Bacteria,Proteobacteria,Alphaproteobacteria,Rhizobiales,Devosiaceae,Devosia,NA,Otu24316,B0559,163,1000
Bacteria,Proteobacteria,Alphaproteobacteria,Rhizobiales,Hyphomicrobiaceae,Filomicrobium,NA,Otu24076,B0560,3,289
Bacteria,Proteobacteria,Alphaproteobacteria,Rhizobiales,Hyphomicrobiaceae,Hyphomicrobium,NA,Otu3202,B0561,90,202
Bacteria,Proteobacteria,Alphaproteobacteria,Rhizobiales,Hyphomicrobiaceae,Pedomicrobium,NA,Otu17250,B0562,210,1000
Bacteria,Proteobacteria,Alphaproteobacteria,Rhizobiales,Kaistiaceae,Kaistia,NA,Otu5913,B0563,14,278
Bacteria,Proteobacteria,Alphaproteobacteria,Rhizobiales,Labraceae,Labrys,NA,Otu2409,B0564,114,178
Bacteria,Proteobacteria,Alphaproteobacteria,Rhizobiales,Pleomorphomonadaceae,Chthonobacter,NA,Otu21777,B0565,2,290
Bacteria,Proteobacteria,Alphaproteobacteria,Rhizobiales,Rhizobiaceae,Allorhizobium,NA,Otu1486,B0566,190,1000
Bacteria,Proteobacteria,Alphaproteobacteria,Rhizobiales,Rhizobiaceae,Aminobacter,NA,Otu27171,B0567,6,286
Bacteria,Proteobacteria,Alphaproteobacteria,Rhizobiales,Rhizobiaceae,Aquamicrobium,NA,Otu29029,B0568,1,291
Bacteria,Proteobacteria,Alphaproteobacteria,Rhizobiales,Rhizobiaceae,Ensifer,NA,Otu18256,B0569,2,290
Bacteria,Proteobacteria,Alphaproteobacteria,Rhizobiales,Rhizobiaceae,Mesorhizobium,NA,Otu1286,B0570,226,1000
Bacteria,Proteobacteria,Alphaproteobacteria,Rhizobiales,Rhizobiaceae,Neorhizobium,NA,Otu15114,B0571,4,288
Bacteria,Proteobacteria,Alphaproteobacteria,Rhizobiales,Rhizobiaceae,Ochrobactrum,NA,Otu16687,B0572,5,287
Bacteria,Proteobacteria,Alphaproteobacteria,Rhizobiales,Rhizobiaceae,Phyllobacterium,NA,Otu2334,B0573,48,244
Bacteria,Proteobacteria,Alphaproteobacteria,Rhizobiales,Rhizobiaceae,Shinella,NA,Otu18372,B0574,10,282
Bacteria,Proteobacteria,Alphaproteobacteria,Rhizobiales,Rhizobiales_Incertae_Sedis,Alsobacter,NA,Otu2722,B0575,26,266
Bacteria,Proteobacteria,Alphaproteobacteria,Rhizobiales,Rhizobiales_Incertae_Sedis,Bauldia,NA,Otu2364,B0576,191,1000
Bacteria,Proteobacteria,Alphaproteobacteria,Rhizobiales,Rhizobiales_Incertae_Sedis,Nordella,NA,Otu2907,B0577,134,158
Bacteria,Proteobacteria,Alphaproteobacteria,Rhizobiales,Rhizobiales_Incertae_Sedis,Phreatobacter,NA,Otu30531,B0578,2,290
Bacteria,Proteobacteria,Alphaproteobacteria,Rhizobiales,Rhodobiaceae,Tepidamorphus,NA,Otu28830,B0579,49,243
Bacteria,Proteobacteria,Alphaproteobacteria,Rhizobiales,Rhodomicrobiaceae,Rhodomicrobium,NA,Otu1318,B0580,125,167
Bacteria,Proteobacteria,Alphaproteobacteria,Rhizobiales,Thermopetrobacteraceae,Thermopetrobacter,NA,Otu14740,B0581,9,283
Bacteria,Proteobacteria,Alphaproteobacteria,Rhizobiales,Xanthobacteraceae,Afipia,NA,Otu3086,B0582,88,204
Bacteria,Proteobacteria,Alphaproteobacteria,Rhizobiales,Xanthobacteraceae,Bradyrhizobium,NA,Otu12,B0583,290,1000
Bacteria,Proteobacteria,Alphaproteobacteria,Rhizobiales,Xanthobacteraceae,Nitrobacter,NA,Otu19520,B0584,4,288
Bacteria,Proteobacteria,Alphaproteobacteria,Rhizobiales,Xanthobacteraceae,Pseudolabrys,NA,Otu223,B0585,250,1000
Bacteria,Proteobacteria,Alphaproteobacteria,Rhizobiales,Xanthobacteraceae,Pseudorhodoplanes,NA,Otu2175,B0586,21,271
Bacteria,Proteobacteria,Alphaproteobacteria,Rhizobiales,Xanthobacteraceae,Rhodoplanes,NA,Otu1084,B0587,269,1000
Bacteria,Proteobacteria,Alphaproteobacteria,Rhizobiales,Xanthobacteraceae,Rhodopseudomonas,NA,Otu2105,B0588,27,265
Bacteria,Proteobacteria,Alphaproteobacteria,Rhizobiales,Xanthobacteraceae,Tardiphaga,NA,Otu1833,B0589,40,252
Bacteria,Proteobacteria,Alphaproteobacteria,Rhizobiales,Xanthobacteraceae,Xanthobacteraceae,NA,Otu1735,B0590,251,1000
Bacteria,Proteobacteria,Alphaproteobacteria,Rhodobacterales,Rhodobacteraceae,Amaricoccus,NA,Otu2556,B0591,46,246
Bacteria,Proteobacteria,Alphaproteobacteria,Rhodobacterales,Rhodobacteraceae,Limibaculum,NA,Otu28253,B0592,2,290
Bacteria,Proteobacteria,Alphaproteobacteria,Rhodobacterales,Rhodobacteraceae,Paracoccus,NA,Otu15400,B0593,5,287
Bacteria,Proteobacteria,Alphaproteobacteria,Rhodobacterales,Rhodobacteraceae,Pseudorhodobacter,NA,Otu32857,B0594,1,291
Bacteria,Proteobacteria,Alphaproteobacteria,Rhodobacterales,Rhodobacteraceae,Rubellimicrobium,NA,Otu9020,B0595,11,281
Bacteria,Proteobacteria,Alphaproteobacteria,Rickettsiales,Mitochondria,Mitochondria,NA,Otu20460,B0596,0,292
Bacteria,Proteobacteria,Alphaproteobacteria,Rickettsiales,Rickettsiales,Candidatus_Jidaibacter,NA,Otu11858,B0597,6,286
Bacteria,Proteobacteria,Alphaproteobacteria,Rickettsiales,SM2D12,SM2D12,NA,Otu12397,B0598,75,217
Bacteria,Proteobacteria,Alphaproteobacteria,Sphingomonadales,Sphingomonadaceae,Altererythrobacter,NA,Otu3375,B0599,75,217
Bacteria,Proteobacteria,Alphaproteobacteria,Sphingomonadales,Sphingomonadaceae,Ellin6055,NA,Otu1506,B0600,59,233
Bacteria,Proteobacteria,Alphaproteobacteria,Sphingomonadales,Sphingomonadaceae,Novosphingobium,NA,Otu5069,B0601,90,202
Bacteria,Proteobacteria,Alphaproteobacteria,Sphingomonadales,Sphingomonadaceae,Parablastomonas,NA,Otu20406,B0602,0,292
Bacteria,Proteobacteria,Alphaproteobacteria,Sphingomonadales,Sphingomonadaceae,Plot4,NA,Otu2433,B0603,18,274
Bacteria,Proteobacteria,Alphaproteobacteria,Sphingomonadales,Sphingomonadaceae,Qipengyuania,NA,Otu30621,B0604,1,291
Bacteria,Proteobacteria,Alphaproteobacteria,Sphingomonadales,Sphingomonadaceae,Rhizorhapis,NA,Otu27763,B0605,2,290
Bacteria,Proteobacteria,Alphaproteobacteria,Sphingomonadales,Sphingomonadaceae,Sphingoaurantiacus,NA,Otu22304,B0606,4,288
Bacteria,Proteobacteria,Alphaproteobacteria,Sphingomonadales,Sphingomonadaceae,Sphingobium,NA,Otu14744,B0607,12,280
Bacteria,Proteobacteria,Alphaproteobacteria,Sphingomonadales,Sphingomonadaceae,Sphingomonas,NA,Otu90,B0608,244,1000
Bacteria,Proteobacteria,Alphaproteobacteria,Sphingomonadales,Sphingomonadaceae,Sphingopyxis,NA,Otu28139,B0609,5,287
Bacteria,Proteobacteria,Alphaproteobacteria,Tistrellales,Geminicoccaceae,Arboricoccus,NA,Otu8209,B0610,13,279
Bacteria,Proteobacteria,Alphaproteobacteria,Tistrellales,Geminicoccaceae,Candidatus_Alysiosphaera,NA,Otu251,B0611,172,1000
Bacteria,Proteobacteria,Alphaproteobacteria,Tistrellales,Geminicoccaceae,Geminicoccus,NA,Otu6827,B0612,13,279
Bacteria,Proteobacteria,Gammaproteobacteria,211ds20,211ds20,211ds20,NA,Otu9759,B0613,6,286
Bacteria,Proteobacteria,Gammaproteobacteria,Acidiferrobacterales,Acidiferrobacteraceae,Sulfurifustis,NA,Otu15877,B0614,16,276
Bacteria,Proteobacteria,Gammaproteobacteria,Alteromonadales,Alteromonadaceae,Alishewanella,NA,Otu8563,B0615,1,291
Bacteria,Proteobacteria,Gammaproteobacteria,BD72BR169,BD72BR169,BD72BR169,NA,Otu16262,B0616,0,292
Bacteria,Proteobacteria,Gammaproteobacteria,Burkholderiales,A21b,A21b,NA,Otu276,B0617,252,1000
Bacteria,Proteobacteria,Gammaproteobacteria,Burkholderiales,Alcaligenaceae,Achromobacter,NA,Otu3211,B0618,20,272
Bacteria,Proteobacteria,Gammaproteobacteria,Burkholderiales,Alcaligenaceae,Bordetella,NA,Otu20286,B0619,1,291
Bacteria,Proteobacteria,Gammaproteobacteria,Burkholderiales,Alcaligenaceae,Candidimonas,NA,Otu31528,B0620,2,290
Bacteria,Proteobacteria,Gammaproteobacteria,Burkholderiales,Alcaligenaceae,Castellaniella,NA,Otu31387,B0621,3,289
Bacteria,Proteobacteria,Gammaproteobacteria,Burkholderiales,Burkholderiaceae,Burkholderia,NA,Otu32,B0622,283,1000
Bacteria,Proteobacteria,Gammaproteobacteria,Burkholderiales,Burkholderiaceae,Candidatus_Glomeribacter,NA,Otu16692,B0623,2,290
Bacteria,Proteobacteria,Gammaproteobacteria,Burkholderiales,Burkholderiaceae,Cupriavidus,NA,Otu3926,B0624,27,265
Bacteria,Proteobacteria,Gammaproteobacteria,Burkholderiales,Burkholderiaceae,Lautropia,NA,Otu8099,B0625,12,280
Bacteria,Proteobacteria,Gammaproteobacteria,Burkholderiales,Burkholderiaceae,Limnobacter,NA,Otu13597,B0626,14,278
Bacteria,Proteobacteria,Gammaproteobacteria,Burkholderiales,Burkholderiaceae,Mycoavidus,NA,Otu35135,B0627,13,279
Bacteria,Proteobacteria,Gammaproteobacteria,Burkholderiales,Burkholderiaceae,Pandoraea,NA,Otu10585,B0628,2,290
Bacteria,Proteobacteria,Gammaproteobacteria,Burkholderiales,Burkholderiaceae,Polynucleobacter,NA,Otu15652,B0629,10,282
Bacteria,Proteobacteria,Gammaproteobacteria,Burkholderiales,Comamonadaceae,Acidovorax,NA,Otu9193,B0630,18,274
Bacteria,Proteobacteria,Gammaproteobacteria,Burkholderiales,Comamonadaceae,Aquabacterium,NA,Otu6147,B0631,5,287
Bacteria,Proteobacteria,Gammaproteobacteria,Burkholderiales,Comamonadaceae,Azohydromonas,NA,Otu15485,B0632,10,282
Bacteria,Proteobacteria,Gammaproteobacteria,Burkholderiales,Comamonadaceae,Caenimonas,NA,Otu10454,B0633,9,283
Bacteria,Proteobacteria,Gammaproteobacteria,Burkholderiales,Comamonadaceae,Comamonas,NA,Otu8169,B0634,8,284
Bacteria,Proteobacteria,Gammaproteobacteria,Burkholderiales,Comamonadaceae,Delftia,NA,Otu8648,B0635,4,288
Bacteria,Proteobacteria,Gammaproteobacteria,Burkholderiales,Comamonadaceae,Diaphorobacter,NA,Otu15241,B0636,1,291
Bacteria,Proteobacteria,Gammaproteobacteria,Burkholderiales,Comamonadaceae,Hydrogenophaga,NA,Otu26619,B0637,2,290
Bacteria,Proteobacteria,Gammaproteobacteria,Burkholderiales,Comamonadaceae,Ideonella,NA,Otu5119,B0638,5,287
Bacteria,Proteobacteria,Gammaproteobacteria,Burkholderiales,Comamonadaceae,Leptothrix,NA,Otu26201,B0639,12,280
Bacteria,Proteobacteria,Gammaproteobacteria,Burkholderiales,Comamonadaceae,Malikia,NA,Otu22596,B0640,2,290
Bacteria,Proteobacteria,Gammaproteobacteria,Burkholderiales,Comamonadaceae,Methylibium,NA,Otu22155,B0641,1,291
Bacteria,Proteobacteria,Gammaproteobacteria,Burkholderiales,Comamonadaceae,Pelomonas,NA,Otu2302,B0642,6,286
Bacteria,Proteobacteria,Gammaproteobacteria,Burkholderiales,Comamonadaceae,Piscinibacter,NA,Otu833,B0643,30,262
Bacteria,Proteobacteria,Gammaproteobacteria,Burkholderiales,Comamonadaceae,Polaromonas,NA,Otu3075,B0644,32,260
Bacteria,Proteobacteria,Gammaproteobacteria,Burkholderiales,Comamonadaceae,Pseudorhodoferax,NA,Otu5476,B0645,7,285
Bacteria,Proteobacteria,Gammaproteobacteria,Burkholderiales,Comamonadaceae,Ramlibacter,NA,Otu2210,B0646,172,1000
Bacteria,Proteobacteria,Gammaproteobacteria,Burkholderiales,Comamonadaceae,Rhizobacter,NA,Otu353,B0647,205,1000
Bacteria,Proteobacteria,Gammaproteobacteria,Burkholderiales,Comamonadaceae,Variovorax,NA,Otu1207,B0648,41,251
Bacteria,Proteobacteria,Gammaproteobacteria,Burkholderiales,Gallionellaceae,Sideroxydans,NA,Otu27039,B0649,0,292
Bacteria,Proteobacteria,Gammaproteobacteria,Burkholderiales,Methylophilaceae,Methylophilus,NA,Otu27251,B0650,2,290
Bacteria,Proteobacteria,Gammaproteobacteria,Burkholderiales,Methylophilaceae,Methylotenera,NA,Otu5579,B0651,3,289
Bacteria,Proteobacteria,Gammaproteobacteria,Burkholderiales,Nitrosomonadaceae,966,NA,Otu8520,B0652,11,281
Bacteria,Proteobacteria,Gammaproteobacteria,Burkholderiales,Nitrosomonadaceae,Ellin6067,NA,Otu7,B0653,245,1000
Bacteria,Proteobacteria,Gammaproteobacteria,Burkholderiales,Nitrosomonadaceae,GOUTA6,NA,Otu2685,B0654,45,247
Bacteria,Proteobacteria,Gammaproteobacteria,Burkholderiales,Nitrosomonadaceae,IS,NA,Otu76,B0655,186,1000
Bacteria,Proteobacteria,Gammaproteobacteria,Burkholderiales,Nitrosomonadaceae,MND1,NA,Otu278,B0656,237,1000
Bacteria,Proteobacteria,Gammaproteobacteria,Burkholderiales,Nitrosomonadaceae,Nitrosospira,NA,Otu1861,B0657,67,225
Bacteria,Proteobacteria,Gammaproteobacteria,Burkholderiales,Nitrosomonadaceae,mle1,NA,Otu1636,B0658,108,184
Bacteria,Proteobacteria,Gammaproteobacteria,Burkholderiales,Nitrosomonadaceae,oc32,NA,Otu20423,B0659,1,291
Bacteria,Proteobacteria,Gammaproteobacteria,Burkholderiales,Oxalobacteraceae,Duganella,NA,Otu3286,B0660,6,286
Bacteria,Proteobacteria,Gammaproteobacteria,Burkholderiales,Oxalobacteraceae,Herbaspirillum,NA,Otu10105,B0661,16,276
Bacteria,Proteobacteria,Gammaproteobacteria,Burkholderiales,Oxalobacteraceae,Herminiimonas,NA,Otu31800,B0662,1,291
Bacteria,Proteobacteria,Gammaproteobacteria,Burkholderiales,Oxalobacteraceae,Massilia,NA,Otu566,B0663,224,1000
Bacteria,Proteobacteria,Gammaproteobacteria,Burkholderiales,Oxalobacteraceae,Noviherbaspirillum,NA,Otu2642,B0664,126,166
Bacteria,Proteobacteria,Gammaproteobacteria,Burkholderiales,Oxalobacteraceae,Undibacterium,NA,Otu19655,B0665,11,281
Bacteria,Proteobacteria,Gammaproteobacteria,Burkholderiales,Rhodocyclaceae,Dechloromonas,NA,Otu20440,B0666,3,289
Bacteria,Proteobacteria,Gammaproteobacteria,Burkholderiales,Rhodocyclaceae,Georgfuchsia,NA,Otu21178,B0667,4,288
Bacteria,Proteobacteria,Gammaproteobacteria,Burkholderiales,Rhodocyclaceae,Sulfuritalea,NA,Otu14024,B0668,27,265
Bacteria,Proteobacteria,Gammaproteobacteria,Burkholderiales,Rhodocyclaceae,Uliginosibacterium,NA,Otu4045,B0669,16,276
Bacteria,Proteobacteria,Gammaproteobacteria,Burkholderiales,Sulfuricellaceae,Ferritrophicum,NA,Otu34362,B0670,1,291
Bacteria,Proteobacteria,Gammaproteobacteria,Burkholderiales,Sutterellaceae,AAP99,NA,Otu15535,B0671,4,288
Bacteria,Proteobacteria,Gammaproteobacteria,CCD24,CCD24,CCD24,NA,Otu29091,B0672,74,218
Bacteria,Proteobacteria,Gammaproteobacteria,CCM19a,CCM19a,CCM19a,NA,Otu26796,B0673,5,287
Bacteria,Proteobacteria,Gammaproteobacteria,Cellvibrionales,Cellvibrionaceae,Cellvibrio,NA,Otu5070,B0674,31,261
Bacteria,Proteobacteria,Gammaproteobacteria,Cellvibrionales,Halieaceae,OM60,NA,Otu11948,B0675,4,288
Bacteria,Proteobacteria,Gammaproteobacteria,Cellvibrionales,Spongiibacteraceae,BD1,NA,Otu31780,B0676,0,292
Bacteria,Proteobacteria,Gammaproteobacteria,Coxiellales,Coxiellaceae,Coxiella,NA,Otu9482,B0677,10,282
Bacteria,Proteobacteria,Gammaproteobacteria,Diplorickettsiales,Diplorickettsiaceae,Aquicella,NA,Otu4676,B0678,32,260
Bacteria,Proteobacteria,Gammaproteobacteria,Diplorickettsiales,Diplorickettsiaceae,Diplorickettsia,NA,Otu32506,B0679,3,289
Bacteria,Proteobacteria,Gammaproteobacteria,Diplorickettsiales,Diplorickettsiaceae,Rickettsiella,NA,Otu5570,B0680,9,283
Bacteria,Proteobacteria,Gammaproteobacteria,EV818SWSAP88,EV818SWSAP88,EV818SWSAP88,NA,Otu17433,B0681,2,290
Bacteria,Proteobacteria,Gammaproteobacteria,Enterobacterales,Enterobacteriaceae,Enterobacter,NA,Otu16612,B0682,4,288
Bacteria,Proteobacteria,Gammaproteobacteria,Enterobacterales,Enterobacteriaceae,Escherichia,NA,Otu5477,B0683,15,277
Bacteria,Proteobacteria,Gammaproteobacteria,Enterobacterales,Enterobacteriaceae,Salmonella,NA,Otu5987,B0684,1,291
Bacteria,Proteobacteria,Gammaproteobacteria,Enterobacterales,Erwiniaceae,Erwinia,NA,Otu27379,B0685,2,290
Bacteria,Proteobacteria,Gammaproteobacteria,Enterobacterales,Erwiniaceae,Pantoea,NA,Otu8775,B0686,7,285
Bacteria,Proteobacteria,Gammaproteobacteria,Enterobacterales,Pectobacteriaceae,Sodalis,NA,Otu26495,B0687,2,290
Bacteria,Proteobacteria,Gammaproteobacteria,Ga0077536,Ga0077536,Ga0077536,NA,Otu22200,B0688,13,279
Bacteria,Proteobacteria,Gammaproteobacteria,Gammaproteobacteria_Incertae_Sedis,Unknown_Family,Acidibacter,NA,Otu153,B0689,289,1000
Bacteria,Proteobacteria,Gammaproteobacteria,Gammaproteobacteria_Incertae_Sedis,Unknown_Family,Candidatus_Berkiella,NA,Otu18988,B0690,7,285
Bacteria,Proteobacteria,Gammaproteobacteria,Gammaproteobacteria_Incertae_Sedis,Unknown_Family,Candidatus_Ovatusbacter,NA,Otu11472,B0691,32,260
Bacteria,Proteobacteria,Gammaproteobacteria,Gammaproteobacteria_Incertae_Sedis,Unknown_Family,Unknown_Family,NA,Otu3708,B0692,20,272
Bacteria,Proteobacteria,Gammaproteobacteria,Legionellales,Legionellaceae,Legionella,NA,Otu25809,B0693,14,278
Bacteria,Proteobacteria,Gammaproteobacteria,Methylococcales,Methylococcaceae,Methylocaldum,NA,Otu29776,B0694,4,288
Bacteria,Proteobacteria,Gammaproteobacteria,Methylococcales,Methylomonadaceae,Methylobacter,NA,Otu25132,B0695,3,289
Bacteria,Proteobacteria,Gammaproteobacteria,Oceanospirillales,Halomonadaceae,Halomonas,NA,Otu31989,B0696,10,282
Bacteria,Proteobacteria,Gammaproteobacteria,Oceanospirillales,Pseudohongiellaceae,BIyi10,NA,Otu26569,B0697,0,292
Bacteria,Proteobacteria,Gammaproteobacteria,Orbales,Orbaceae,Gilliamella,NA,Otu21562,B0698,1,291
Bacteria,Proteobacteria,Gammaproteobacteria,PLTA13,PLTA13,PLTA13,NA,Otu2414,B0699,41,251
Bacteria,Proteobacteria,Gammaproteobacteria,Pseudomonadales,Moraxellaceae,Acinetobacter,NA,Otu8479,B0700,11,281
Bacteria,Proteobacteria,Gammaproteobacteria,Pseudomonadales,Pseudomonadaceae,Azotobacter,NA,Otu1634,B0701,1,291
Bacteria,Proteobacteria,Gammaproteobacteria,Pseudomonadales,Pseudomonadaceae,Pseudomonas,NA,Otu29,B0702,175,1000
Bacteria,Proteobacteria,Gammaproteobacteria,R7C24,R7C24,R7C24,NA,Otu6661,B0703,89,203
Bacteria,Proteobacteria,Gammaproteobacteria,Salinisphaerales,Solimonadaceae,Nevskia,NA,Otu10836,B0704,13,279
Bacteria,Proteobacteria,Gammaproteobacteria,Salinisphaerales,Solimonadaceae,Panacagrimonas,NA,Otu10188,B0705,6,286
Bacteria,Proteobacteria,Gammaproteobacteria,Salinisphaerales,Solimonadaceae,Polycyclovorans,NA,Otu5400,B0706,134,158
Bacteria,Proteobacteria,Gammaproteobacteria,Salinisphaerales,Solimonadaceae,Solimonas,NA,Otu10292,B0707,6,286
Bacteria,Proteobacteria,Gammaproteobacteria,Steroidobacterales,Steroidobacteraceae,Steroidobacter,NA,Otu1006,B0708,156,1000
Bacteria,Proteobacteria,Gammaproteobacteria,Steroidobacterales,Woeseiaceae,JTB255_marine_benthic_group,NA,Otu15155,B0709,12,280
Bacteria,Proteobacteria,Gammaproteobacteria,WD260,WD260,WD260,NA,Otu126,B0710,202,1000
Bacteria,Proteobacteria,Gammaproteobacteria,Xanthomonadales,Rhodanobacteraceae,Ahniella,NA,Otu6564,B0711,23,269
Bacteria,Proteobacteria,Gammaproteobacteria,Xanthomonadales,Rhodanobacteraceae,Chujaibacter,NA,Otu1113,B0712,23,269
Bacteria,Proteobacteria,Gammaproteobacteria,Xanthomonadales,Rhodanobacteraceae,Dokdonella,NA,Otu2083,B0713,81,211
Bacteria,Proteobacteria,Gammaproteobacteria,Xanthomonadales,Rhodanobacteraceae,Dyella,NA,Otu298,B0714,126,166
Bacteria,Proteobacteria,Gammaproteobacteria,Xanthomonadales,Rhodanobacteraceae,Frateuria,NA,Otu4515,B0715,4,288
Bacteria,Proteobacteria,Gammaproteobacteria,Xanthomonadales,Rhodanobacteraceae,Luteibacter,NA,Otu2998,B0716,1,291
Bacteria,Proteobacteria,Gammaproteobacteria,Xanthomonadales,Rhodanobacteraceae,Mizugakiibacter,NA,Otu5115,B0717,19,273
Bacteria,Proteobacteria,Gammaproteobacteria,Xanthomonadales,Rhodanobacteraceae,Rhodanobacter,NA,Otu1002,B0718,208,1000
Bacteria,Proteobacteria,Gammaproteobacteria,Xanthomonadales,Rhodanobacteraceae,Tahibacter,NA,Otu14534,B0719,5,287
Bacteria,Proteobacteria,Gammaproteobacteria,Xanthomonadales,Xanthomonadaceae,Arenimonas,NA,Otu2370,B0720,58,234
Bacteria,Proteobacteria,Gammaproteobacteria,Xanthomonadales,Xanthomonadaceae,Luteimonas,NA,Otu13299,B0721,6,286
Bacteria,Proteobacteria,Gammaproteobacteria,Xanthomonadales,Xanthomonadaceae,Lysobacter,NA,Otu1137,B0722,63,229
Bacteria,Proteobacteria,Gammaproteobacteria,Xanthomonadales,Xanthomonadaceae,Pseudoxanthomonas,NA,Otu8417,B0723,9,283
Bacteria,Proteobacteria,Gammaproteobacteria,Xanthomonadales,Xanthomonadaceae,Stenotrophomonas,NA,Otu1487,B0724,48,244
Bacteria,Proteobacteria,Gammaproteobacteria,Xanthomonadales,Xanthomonadaceae,Xanthomonas,NA,Otu3670,B0725,11,281
Bacteria,Spirochaetota,Leptospirae,Leptospirales,Leptospiraceae,Turneriella,NA,Otu15601,B0726,4,288
Bacteria,Spirochaetota,Spirochaetia,Spirochaetales,Spirochaetaceae,Spirochaeta,NA,Otu9875,B0727,9,283
Bacteria,Spirochaetota,Spirochaetia,Spirochaetales,Spirochaetaceae,Spirochaeta_2,NA,Otu23735,B0728,2,290
Bacteria,Sumerlaeota,Sumerlaeia,Sumerlaeales,Sumerlaeaceae,Sumerlaea,NA,Otu35319,B0729,1,291
Bacteria,Verrucomicrobiota,Chlamydiae,Chlamydiales,Chlamydiaceae,Chlamydia,NA,Otu31246,B0730,0,292
Bacteria,Verrucomicrobiota,Chlamydiae,Chlamydiales,Parachlamydiaceae,Candidatus_Metachlamydia,NA,Otu17143,B0731,8,284
Bacteria,Verrucomicrobiota,Chlamydiae,Chlamydiales,Parachlamydiaceae,Candidatus_Protochlamydia,NA,Otu7986,B0732,101,191
Bacteria,Verrucomicrobiota,Chlamydiae,Chlamydiales,Parachlamydiaceae,Neochlamydia,NA,Otu28820,B0733,65,227
Bacteria,Verrucomicrobiota,Chlamydiae,Chlamydiales,Simkaniaceae,Candidatus_Rhabdochlamydia,NA,Otu19733,B0734,2,290
Bacteria,Verrucomicrobiota,Chlamydiae,Chlamydiales,cvE6,cvE6,NA,Otu6889,B0735,30,262
Bacteria,Verrucomicrobiota,Omnitrophia,Omnitrophales,Omnitrophales,Omnitrophales,NA,Otu27922,B0736,2,290
Bacteria,Verrucomicrobiota,Verrucomicrobiae,Chthoniobacterales,Chthoniobacteraceae,Candidatus_Udaeobacter,NA,Otu19981,B0737,79,213
Bacteria,Verrucomicrobiota,Verrucomicrobiae,Chthoniobacterales,Chthoniobacteraceae,Chthoniobacter,NA,Otu6936,B0738,61,231
Bacteria,Verrucomicrobiota,Verrucomicrobiae,Chthoniobacterales,Chthoniobacteraceae,LD29,NA,Otu24915,B0739,6,286
Bacteria,Verrucomicrobiota,Verrucomicrobiae,Chthoniobacterales,Xiphinematobacteraceae,Candidatus_Xiphinematobacter,NA,Otu9151,B0740,9,283
Bacteria,Verrucomicrobiota,Verrucomicrobiae,Opitutales,Opitutaceae,Opitutus,NA,Otu31452,B0741,3,289
Bacteria,Verrucomicrobiota,Verrucomicrobiae,Pedosphaerales,Pedosphaeraceae,ADurb,NA,Otu831,B0742,204,1000
Bacteria,Verrucomicrobiota,Verrucomicrobiae,Pedosphaerales,Pedosphaeraceae,Ellin516,NA,Otu1823,B0743,116,176
Bacteria,Verrucomicrobiota,Verrucomicrobiae,Pedosphaerales,Pedosphaeraceae,Ellin517,NA,Otu4936,B0744,66,226
Bacteria,Verrucomicrobiota,Verrucomicrobiae,Pedosphaerales,Pedosphaeraceae,Pedosphaera,NA,Otu1009,B0745,199,1000
Bacteria,Verrucomicrobiota,Verrucomicrobiae,Pedosphaerales,Pedosphaeraceae,Pedosphaeraceae,NA,Otu4712,B0746,218,1000
Bacteria,Verrucomicrobiota,Verrucomicrobiae,Verrucomicrobiales,Verrucomicrobiaceae,Roseimicrobium,NA,Otu22854,B0747,80,212
